-- phpMyAdmin SQL Dump
-- version 5.1.1
-- https://www.phpmyadmin.net/
--
-- Host: 127.0.0.1:3306
-- Generation Time: Nov 06, 2023 at 12:01 PM
-- Server version: 5.7.36
-- PHP Version: 8.0.13

SET SQL_MODE = "NO_AUTO_VALUE_ON_ZERO";
START TRANSACTION;
SET time_zone = "+00:00";


/*!40101 SET @OLD_CHARACTER_SET_CLIENT=@@CHARACTER_SET_CLIENT */;
/*!40101 SET @OLD_CHARACTER_SET_RESULTS=@@CHARACTER_SET_RESULTS */;
/*!40101 SET @OLD_COLLATION_CONNECTION=@@COLLATION_CONNECTION */;
/*!40101 SET NAMES utf8mb4 */;

--
-- Database: `work`
--

-- --------------------------------------------------------

--
-- Table structure for table `aprov`
--

DROP TABLE IF EXISTS `aprov`;
CREATE TABLE IF NOT EXISTS `aprov` (
  `id_prov` int(11) NOT NULL AUTO_INCREMENT,
  `sender_id` int(11) NOT NULL,
  `receiver_id` int(11) NOT NULL,
  PRIMARY KEY (`id_prov`)
) ENGINE=MyISAM AUTO_INCREMENT=17 DEFAULT CHARSET=utf8;

--
-- Dumping data for table `aprov`
--

INSERT INTO `aprov` (`id_prov`, `sender_id`, `receiver_id`) VALUES
(1, 2, 9),
(3, 2, 11),
(4, 2, 41),
(5, 2, 42),
(6, 2, 12),
(7, 2, 4),
(8, 2, 16),
(9, 2, 23),
(10, 2, 53),
(11, 10, 48),
(12, 2, 48),
(13, 15, 48),
(14, 5, 20),
(15, 18, 20),
(16, 15, 20);

-- --------------------------------------------------------

--
-- Table structure for table `comment`
--

DROP TABLE IF EXISTS `comment`;
CREATE TABLE IF NOT EXISTS `comment` (
  `comment_id` int(11) NOT NULL AUTO_INCREMENT,
  `post_id` int(11) NOT NULL,
  `user_id` int(11) NOT NULL,
  `comment` mediumtext NOT NULL,
  `timestamp` datetime NOT NULL,
  PRIMARY KEY (`comment_id`),
  KEY `user_id` (`user_id`) USING BTREE
) ENGINE=InnoDB AUTO_INCREMENT=10 DEFAULT CHARSET=utf8;

--
-- Dumping data for table `comment`
--

INSERT INTO `comment` (`comment_id`, `post_id`, `user_id`, `comment`, `timestamp`) VALUES
(1, 2, 20, 'Ù…Ø¯Ø© Ø§Ù„ØªØ³Ø¬ÙŠÙ„ ÙŠÙˆÙ…ÙŠÙ†', '2022-12-31 18:44:38'),
(2, 2, 11, 'Ø§Ù†Ø§ Ù…Ù‡ØªÙ…Ù‡ Ø¬Ø¯Ø§', '2022-12-31 20:43:27'),
(3, 2, 42, 'Ù…Ø¨Ø§Ø±ÙƒÙŠÙ† ÙÙŠ Ù‡Ø°Ù‡ Ø§Ù„Ø¹Ù…Ù„', '2022-12-31 21:15:56'),
(4, 2, 17, 'Ù…ØªÙ‰ ØªØ¨Ø¯Ø¡', '2023-01-01 14:27:22'),
(5, 15, 48, 'ÙƒÙ… Ø³Ø±Ø¹Ù‡ ØªØ¬Ù‡ÙŠØ² Ø§Ù„Ø·Ø¨', '2023-01-02 13:39:02'),
(6, 16, 46, 'Ù…Ø³ØªØ¹Ø¯ÙŠÙ† Ù„Ø§Ø³ØªÙ‚Ø¨Ø§Ù„ Ø§Ù„ØªØµØ§Ù„Ø§Øª', '2023-01-02 13:58:10'),
(7, 11, 41, 'ÙƒÙ… ØªØ§Ø®Ø° ', '2023-01-02 13:59:12'),
(8, 2, 14, 'ÙÙŠ Ø§ÙŠ Ø³Ø§Ø¹Ù‡ ÙŠÙƒÙˆÙ† Ø§Ù„Ø´Ø±Ø­ Ùˆ Ø¹Ù„Ù‰ Ø§ÙŠ Ù…Ù†ØµÙ‡', '2023-01-02 14:00:18'),
(9, 15, 20, 'Ù…Ø­ØªØ§Ø¬ Ù‚Ø·Ø¹ØªÙŠÙ† Ø¨Ø§Ù„ÙˆØ§Ù† Ù…Ø®ØªÙ„ÙÙ‡ Ùˆ Ù„Ù„Ø¨ØµØ±Ù‡ 07700388621', '2023-01-20 14:30:20');

-- --------------------------------------------------------

--
-- Table structure for table `files`
--

DROP TABLE IF EXISTS `files`;
CREATE TABLE IF NOT EXISTS `files` (
  `id` int(11) NOT NULL AUTO_INCREMENT,
  `user_id` int(11) NOT NULL,
  `name_file` varchar(255) NOT NULL,
  `type` varchar(255) NOT NULL,
  PRIMARY KEY (`id`),
  KEY `user_id` (`user_id`)
) ENGINE=InnoDB AUTO_INCREMENT=230 DEFAULT CHARSET=utf8;

--
-- Dumping data for table `files`
--

INSERT INTO `files` (`id`, `user_id`, `name_file`, `type`) VALUES
(37, 9, '3dlat.com_13908051916.jpg', 'img'),
(42, 9, 'images (4).jpg', 'img'),
(43, 9, 'images (5).jpg', 'img'),
(44, 9, 'images (6).jpg', 'img'),
(45, 9, 'images (7).jpg', 'img'),
(47, 9, 'IMG-20200621-WA0013.jpg', 'img'),
(56, 41, 'ch2-agents (2).pdf', 'pdf'),
(57, 41, 'ch2-agents.pdf', 'pdf'),
(59, 41, 'lecture 3.pdf', 'pdf'),
(60, 41, '2_5440527162236998757.pdf', 'pdf'),
(61, 41, 'Ù…Ø±ÙÙ‚.pdf', 'pdf'),
(62, 41, 'UML-Diagrams Lab (1).pdf', 'pdf'),
(63, 20, 'file.pdf', 'pdf'),
(64, 20, '1627796178.pdf', 'pdf'),
(65, 20, 'Mohammed Qasim Ashor.pdf', 'pdf'),
(66, 20, 'Mohammad Reza Abd El , Rahman Khudhair.pdf', 'pdf'),
(72, 12, 'images (4).jpg', 'img'),
(73, 12, 'images.jpg', 'img'),
(75, 12, '2_5361931558527704380.pdf', 'pdf'),
(76, 12, 'OS_5 (2).pdf', 'pdf'),
(77, 12, 'OS_5.pdf', 'pdf'),
(78, 13, 'download (1).jpg', 'img'),
(79, 13, 'download (2).jpg', 'img'),
(81, 13, 'download.jpg', 'img'),
(82, 13, 'images (1).jpg', 'img'),
(83, 13, 'images (2).jpg', 'img'),
(84, 13, 'images (3).jpg', 'img'),
(85, 13, 'images (5).jpg', 'img'),
(86, 13, 'images.jpg', 'img'),
(87, 16, 'download (1).jpg', 'img'),
(88, 16, 'download (2).jpg', 'img'),
(89, 16, 'download (3).jpg', 'img'),
(90, 16, 'download.jpg', 'img'),
(91, 16, 'images.jpg', 'img'),
(92, 17, 'download.jpg', 'img'),
(93, 17, 'images (1).jpg', 'img'),
(94, 17, 'images (2).jpg', 'img'),
(95, 17, 'images (3).jpg', 'img'),
(96, 17, 'images (4).jpg', 'img'),
(97, 17, 'images.jpg', 'img'),
(98, 17, 'ØªØ³Ø±ÙŠØ­Ø§Øª-Ø§Ù„Ø´Ø¹Ø±-Ù„Ù„Ø§Ø·ÙØ§Ù„-ÙˆÙ„Ø§Ø¯-ÙˆØ¨Ù†Ø§Øª12.jpg', 'img'),
(99, 17, 'Ù‚ØµØ§Øª-Ø§Ù„Ø´Ø¹Ø±-Ø§Ù„Ù‚ØµÙŠØ±-Ù„Ù„Ø±Ø¬Ø§Ù„.jpg', 'img'),
(100, 19, 'cropped_1538486_2-500x300.jpg', 'img'),
(101, 23, 'download (1).jpg', 'img'),
(102, 23, 'download (2).jpg', 'img'),
(103, 23, 'download (3).jpg', 'img'),
(104, 23, 'download.jpg', 'img'),
(105, 23, 'images (1).jpg', 'img'),
(106, 23, 'images (2).jpg', 'img'),
(107, 23, 'images (3).jpg', 'img'),
(108, 23, 'images.jpg', 'img'),
(109, 43, 'downloa(1).jpg', 'img'),
(110, 43, 'download (1).jpg', 'img'),
(111, 43, 'download.jpg', 'img'),
(112, 43, 'images (1).jpg', 'img'),
(113, 43, 'images (2).jpg', 'img'),
(114, 43, 'images.jpg', 'img'),
(115, 43, 'download (1).jpg', 'img'),
(116, 43, 'download (5).jpg', 'img'),
(117, 43, 'images (1).jpg', 'img'),
(118, 44, 'download (4).jpg', 'img'),
(119, 44, 'images (1).jpg', 'img'),
(120, 44, 'images (2).jpg', 'img'),
(121, 44, 'images (3).jpg', 'img'),
(122, 44, 'images (4).jpg', 'img'),
(123, 44, 'images (5).jpg', 'img'),
(124, 44, 'images (6).jpg', 'img'),
(125, 44, 'images (7).jpg', 'img'),
(126, 44, 'images.jpg', 'img'),
(151, 45, 'download (1).jpg', 'img'),
(152, 45, 'download (2).jpg', 'img'),
(153, 45, 'download (3).jpg', 'img'),
(154, 45, 'download (4).jpg', 'img'),
(155, 45, 'download (5).jpg', 'img'),
(156, 45, 'download.jpg', 'img'),
(157, 45, 'images (1).jpg', 'img'),
(158, 45, 'images (2).jpg', 'img'),
(159, 45, 'images (3).jpg', 'img'),
(160, 45, 'images (4).jpg', 'img'),
(161, 45, 'images (5).jpg', 'img'),
(162, 45, 'images.jpg', 'img'),
(163, 45, 'download (1).jpg', 'img'),
(164, 45, 'download (2).jpg', 'img'),
(165, 45, 'download (3).jpg', 'img'),
(166, 45, 'download (4).jpg', 'img'),
(167, 45, 'download (5).jpg', 'img'),
(168, 45, 'download.jpg', 'img'),
(169, 45, 'images (1).jpg', 'img'),
(170, 45, 'images (2).jpg', 'img'),
(171, 45, 'images (3).jpg', 'img'),
(172, 45, 'images (4).jpg', 'img'),
(173, 45, 'images (5).jpg', 'img'),
(174, 45, 'images.jpg', 'img'),
(175, 47, 'download (31).jpg', 'img'),
(176, 47, 'download.jpg', 'img'),
(177, 47, 'images (1).jpg', 'img'),
(178, 47, 'images (2).jpg', 'img'),
(179, 47, 'images (3).jpg', 'img'),
(180, 47, 'images (4).jpg', 'img'),
(181, 47, 'images (5).jpg', 'img'),
(182, 47, 'images (6).jpg', 'img'),
(183, 47, 'images.jpg', 'img'),
(184, 54, '20220101_1641065136-630.jpg', 'img'),
(185, 54, '201612130939413941.jpg', 'img'),
(186, 54, 'download (1).jpg', 'img'),
(187, 54, 'download.jpg', 'img'),
(188, 54, 'images (1).jpg', 'img'),
(189, 54, 'images (2).jpg', 'img'),
(190, 54, 'images (3).jpg', 'img'),
(191, 54, 'images (54).jpg', 'img'),
(192, 54, 'images.jpg', 'img'),
(193, 54, 'maxresdefault.jpg', 'img'),
(194, 54, 'photo-1522338242992-e1a54906a8da.jpeg', 'img'),
(195, 54, 'Ø§ÙØ¶Ù„-Ù…Ø§Ø±ÙƒØ§Øª-Ø§Ù„Ù…ÙƒÙŠØ§Ø¬-20.jpeg', 'img'),
(196, 54, '5-2.jpg', 'img'),
(197, 4, '1.jpg', 'img'),
(222, 41, 'ffff (1).jpg', 'img'),
(223, 41, 'ffff (2).jpg', 'img'),
(224, 41, 'ffff (3).jpg', 'img'),
(225, 41, 'ffff (4).jpg', 'img'),
(226, 41, 'ffff (5).jpg', 'img'),
(227, 41, 'ffff (6).jpg', 'img'),
(228, 41, 'ffff (7).jpg', 'img'),
(229, 41, 'ffff (8).jpg', 'img');

-- --------------------------------------------------------

--
-- Table structure for table `follow`
--

DROP TABLE IF EXISTS `follow`;
CREATE TABLE IF NOT EXISTS `follow` (
  `follow_id` int(11) NOT NULL AUTO_INCREMENT,
  `sender_id` int(11) NOT NULL,
  `receiver_id` int(11) NOT NULL,
  PRIMARY KEY (`follow_id`),
  KEY `receiver_id` (`receiver_id`) USING BTREE
) ENGINE=InnoDB AUTO_INCREMENT=148 DEFAULT CHARSET=utf8;

--
-- Dumping data for table `follow`
--

INSERT INTO `follow` (`follow_id`, `sender_id`, `receiver_id`) VALUES
(1, 4, 9),
(2, 20, 9),
(3, 11, 9),
(4, 12, 9),
(5, 13, 9),
(6, 23, 11),
(7, 20, 11),
(8, 20, 11),
(9, 19, 11),
(10, 18, 11),
(11, 13, 11),
(12, 14, 11),
(13, 16, 11),
(14, 17, 11),
(15, 4, 11),
(16, 9, 11),
(17, 12, 11),
(18, 11, 20),
(19, 20, 41),
(20, 23, 41),
(21, 19, 41),
(22, 18, 41),
(23, 11, 41),
(24, 9, 41),
(26, 20, 42),
(27, 20, 12),
(28, 20, 4),
(29, 41, 13),
(30, 20, 13),
(31, 42, 13),
(32, 4, 13),
(33, 9, 13),
(34, 11, 13),
(35, 12, 13),
(36, 16, 13),
(37, 14, 13),
(38, 17, 13),
(39, 18, 13),
(40, 19, 13),
(41, 23, 13),
(42, 42, 4),
(43, 23, 4),
(44, 19, 4),
(45, 18, 4),
(46, 17, 4),
(47, 9, 4),
(48, 11, 4),
(49, 12, 4),
(50, 13, 4),
(51, 14, 4),
(52, 16, 4),
(54, 42, 20),
(56, 19, 20),
(57, 18, 20),
(58, 13, 20),
(59, 14, 20),
(60, 16, 20),
(61, 17, 20),
(64, 12, 20),
(65, 42, 11),
(66, 41, 11),
(67, 42, 12),
(68, 41, 12),
(69, 23, 12),
(70, 4, 12),
(71, 9, 12),
(72, 11, 12),
(73, 13, 12),
(74, 14, 12),
(75, 16, 12),
(76, 17, 12),
(77, 18, 12),
(78, 19, 12),
(79, 42, 14),
(80, 41, 14),
(81, 18, 14),
(82, 19, 14),
(83, 20, 14),
(84, 23, 14),
(85, 13, 14),
(86, 16, 14),
(87, 17, 14),
(88, 4, 14),
(89, 12, 16),
(90, 4, 16),
(91, 20, 16),
(92, 42, 16),
(93, 42, 17),
(94, 4, 17),
(95, 20, 17),
(96, 42, 19),
(97, 41, 19),
(98, 23, 19),
(99, 20, 19),
(100, 4, 19),
(101, 13, 19),
(102, 14, 19),
(103, 12, 19),
(104, 42, 23),
(105, 41, 23),
(106, 20, 23),
(107, 4, 23),
(108, 42, 43),
(109, 20, 43),
(110, 4, 43),
(111, 43, 44),
(112, 42, 44),
(113, 20, 44),
(114, 4, 44),
(115, 42, 45),
(116, 41, 45),
(117, 20, 45),
(118, 20, 45),
(119, 4, 45),
(120, 4, 45),
(121, 41, 47),
(122, 20, 47),
(123, 41, 48),
(124, 20, 48),
(125, 16, 48),
(126, 41, 4),
(128, 48, 49),
(129, 47, 49),
(130, 20, 49),
(131, 41, 49),
(132, 42, 49),
(133, 20, 50),
(134, 48, 50),
(135, 47, 50),
(136, 51, 20),
(137, 20, 52),
(138, 20, 53),
(139, 19, 54),
(140, 14, 54),
(141, 47, 54),
(142, 20, 54),
(143, 45, 48),
(144, 50, 20),
(145, 49, 20),
(146, 48, 20),
(147, 47, 20);

-- --------------------------------------------------------

--
-- Table structure for table `notification`
--

DROP TABLE IF EXISTS `notification`;
CREATE TABLE IF NOT EXISTS `notification` (
  `notification_id` int(11) NOT NULL AUTO_INCREMENT,
  `notification_receiver_id` int(11) NOT NULL,
  `notification_text` varchar(255) NOT NULL,
  `read_notification` enum('no','yes') NOT NULL,
  PRIMARY KEY (`notification_id`)
) ENGINE=InnoDB AUTO_INCREMENT=271 DEFAULT CHARSET=utf8;

--
-- Dumping data for table `notification`
--

INSERT INTO `notification` (`notification_id`, `notification_receiver_id`, `notification_text`, `read_notification`) VALUES
(1, 20, ' Ø£Ø¹Ø¬Ø¨  <b> Ù…Ø­Ù…Ø¯ Ø±Ø¶Ø§ Ø¹Ø¨Ø¯ Ø§Ù„Ø±Ø­Ù…Ù† </b>  Ø¹Ù„Ù‰ Ù…Ù†Ø´ÙˆØ±Ùƒ ', 'yes'),
(2, 20, ' Ø£Ø¹Ø¬Ø¨  <b> Ù…Ø­Ù…Ø¯ Ø±Ø¶Ø§ Ø¹Ø¨Ø¯ Ø§Ù„Ø±Ø­Ù…Ù† </b>  Ø¹Ù„Ù‰ Ù…Ù†Ø´ÙˆØ±Ùƒ ', 'yes'),
(3, 20, 'Ø¹Ù„Ù‚  <b> Ù…Ø­Ù…Ø¯ Ø±Ø¶Ø§ Ø¹Ø¨Ø¯ Ø§Ù„Ø±Ø­Ù…Ù† </b>  Ø¹Ù„Ù‰ Ù…Ù†Ø´ÙˆØ±Ùƒ ', 'yes'),
(4, 4, ' ØªÙ… Ù…ØªØ§Ø¨Ø¹ØªÙƒ Ù…Ù† Ù‚Ø¨Ù„  <b> waleed ali </b>', 'yes'),
(5, 20, ' ØªÙ… Ù…ØªØ§Ø¨Ø¹ØªÙƒ Ù…Ù† Ù‚Ø¨Ù„  <b> waleed ali </b>', 'yes'),
(6, 20, 'Ø­ÙØ¸  <b> waleed ali </b>  Ù…Ù†Ø´ÙˆØ±Ùƒ ', 'yes'),
(7, 20, 'Ø§Ù‡ØªÙ…   <b> waleed ali </b>  Ø¨Ù…Ù†Ø´ÙˆØ±Ùƒ ', 'yes'),
(8, 20, ' Ø£Ø¹Ø¬Ø¨  <b> waleed ali </b>  Ø¹Ù„Ù‰ Ù…Ù†Ø´ÙˆØ±Ùƒ ', 'yes'),
(9, 20, ' Ø£Ø¹Ø¬Ø¨  <b> waleed ali </b>  Ø¹Ù„Ù‰ Ù…Ù†Ø´ÙˆØ±Ùƒ ', 'yes'),
(10, 20, 'Ø§Ù‡ØªÙ…   <b> waleed ali </b>  Ø¨Ù…Ù†Ø´ÙˆØ±Ùƒ ', 'yes'),
(11, 20, 'Ø­ÙØ¸  <b> waleed ali </b>  Ù…Ù†Ø´ÙˆØ±Ùƒ ', 'yes'),
(12, 20, 'Ø§Ø²Ø§Ù„    <b> waleed ali </b> Ø§Ù„Ø­ÙØ¸ Ù…Ù† Ù…Ù†Ø´ÙˆØ±Ùƒ ', 'yes'),
(13, 20, 'Ø§Ø²Ø§Ù„   <b> waleed ali </b>  Ø§Ù„Ø§Ù‡ØªÙ…Ø§Ù… Ø¨Ù…Ù†Ø´ÙˆØ±Ùƒ ', 'yes'),
(14, 9, ' Ø£Ø¹Ø¬Ø¨  <b> waleed ali </b>  Ø¹Ù„Ù‰ Ù…Ù†Ø´ÙˆØ±Ùƒ ', 'no'),
(15, 11, ' ØªÙ… Ù…ØªØ§Ø¨Ø¹ØªÙƒ Ù…Ù† Ù‚Ø¨Ù„  <b> waleed ali </b>', 'no'),
(16, 12, ' ØªÙ… Ù…ØªØ§Ø¨Ø¹ØªÙƒ Ù…Ù† Ù‚Ø¨Ù„  <b> waleed ali </b>', 'no'),
(17, 13, ' ØªÙ… Ù…ØªØ§Ø¨Ø¹ØªÙƒ Ù…Ù† Ù‚Ø¨Ù„  <b> waleed ali </b>', 'no'),
(18, 23, ' ØªÙ… Ù…ØªØ§Ø¨Ø¹ØªÙƒ Ù…Ù† Ù‚Ø¨Ù„  <b> sozan john </b>', 'no'),
(19, 20, ' ØªÙ… Ù…ØªØ§Ø¨Ø¹ØªÙƒ Ù…Ù† Ù‚Ø¨Ù„  <b> sozan john </b>', 'yes'),
(20, 20, ' ØªÙ… Ù…ØªØ§Ø¨Ø¹ØªÙƒ Ù…Ù† Ù‚Ø¨Ù„  <b> sozan john </b>', 'yes'),
(21, 19, ' ØªÙ… Ù…ØªØ§Ø¨Ø¹ØªÙƒ Ù…Ù† Ù‚Ø¨Ù„  <b> sozan john </b>', 'no'),
(22, 18, ' ØªÙ… Ù…ØªØ§Ø¨Ø¹ØªÙƒ Ù…Ù† Ù‚Ø¨Ù„  <b> sozan john </b>', 'no'),
(23, 13, ' ØªÙ… Ù…ØªØ§Ø¨Ø¹ØªÙƒ Ù…Ù† Ù‚Ø¨Ù„  <b> sozan john </b>', 'no'),
(24, 14, ' ØªÙ… Ù…ØªØ§Ø¨Ø¹ØªÙƒ Ù…Ù† Ù‚Ø¨Ù„  <b> sozan john </b>', 'no'),
(25, 16, ' ØªÙ… Ù…ØªØ§Ø¨Ø¹ØªÙƒ Ù…Ù† Ù‚Ø¨Ù„  <b> sozan john </b>', 'no'),
(26, 17, ' ØªÙ… Ù…ØªØ§Ø¨Ø¹ØªÙƒ Ù…Ù† Ù‚Ø¨Ù„  <b> sozan john </b>', 'no'),
(27, 4, ' ØªÙ… Ù…ØªØ§Ø¨Ø¹ØªÙƒ Ù…Ù† Ù‚Ø¨Ù„  <b> sozan john </b>', 'yes'),
(28, 9, ' ØªÙ… Ù…ØªØ§Ø¨Ø¹ØªÙƒ Ù…Ù† Ù‚Ø¨Ù„  <b> sozan john </b>', 'no'),
(29, 12, ' ØªÙ… Ù…ØªØ§Ø¨Ø¹ØªÙƒ Ù…Ù† Ù‚Ø¨Ù„  <b> sozan john </b>', 'no'),
(30, 9, 'ØªÙ… Ù…Ø´Ø§Ø±ÙƒÙ‡ Ù…Ù†Ø´ÙˆØ±Ùƒ', 'no'),
(31, 11, ' Ø£Ø¹Ø¬Ø¨  <b> sozan john </b>  Ø¹Ù„Ù‰ Ù…Ù†Ø´ÙˆØ±Ùƒ ', 'no'),
(32, 20, ' Ø£Ø¹Ø¬Ø¨  <b> sozan john </b>  Ø¹Ù„Ù‰ Ù…Ù†Ø´ÙˆØ±Ùƒ ', 'yes'),
(33, 20, 'Ø§Ù‡ØªÙ…   <b> sozan john </b>  Ø¨Ù…Ù†Ø´ÙˆØ±Ùƒ ', 'yes'),
(34, 20, 'Ø­ÙØ¸  <b> sozan john </b>  Ù…Ù†Ø´ÙˆØ±Ùƒ ', 'yes'),
(35, 20, 'Ø¹Ù„Ù‚  <b> sozan john </b>  Ø¹Ù„Ù‰ Ù…Ù†Ø´ÙˆØ±Ùƒ ', 'yes'),
(36, 11, ' ØªÙ… Ù…ØªØ§Ø¨Ø¹ØªÙƒ Ù…Ù† Ù‚Ø¨Ù„  <b> Ù…Ø­Ù…Ø¯ Ø±Ø¶Ø§ Ø¹Ø¨Ø¯ Ø§Ù„Ø±Ø­Ù…Ù† </b>', 'no'),
(37, 20, ' ØªÙ… Ù…ØªØ§Ø¨Ø¹ØªÙƒ Ù…Ù† Ù‚Ø¨Ù„  <b> Ø­Ø³ÙŠÙ† Ø¹Ø¨Ø¯ Ø§Ù„Ø²Ù‡Ø±Ù‡ </b>', 'yes'),
(38, 23, ' ØªÙ… Ù…ØªØ§Ø¨Ø¹ØªÙƒ Ù…Ù† Ù‚Ø¨Ù„  <b> Ø­Ø³ÙŠÙ† Ø¹Ø¨Ø¯ Ø§Ù„Ø²Ù‡Ø±Ù‡ </b>', 'no'),
(39, 19, ' ØªÙ… Ù…ØªØ§Ø¨Ø¹ØªÙƒ Ù…Ù† Ù‚Ø¨Ù„  <b> Ø­Ø³ÙŠÙ† Ø¹Ø¨Ø¯ Ø§Ù„Ø²Ù‡Ø±Ù‡ </b>', 'no'),
(40, 18, ' ØªÙ… Ù…ØªØ§Ø¨Ø¹ØªÙƒ Ù…Ù† Ù‚Ø¨Ù„  <b> Ø­Ø³ÙŠÙ† Ø¹Ø¨Ø¯ Ø§Ù„Ø²Ù‡Ø±Ù‡ </b>', 'no'),
(41, 20, 'Ø§Ù‡ØªÙ…   <b> Ø­Ø³ÙŠÙ† Ø¹Ø¨Ø¯ Ø§Ù„Ø²Ù‡Ø±Ù‡ </b>  Ø¨Ù…Ù†Ø´ÙˆØ±Ùƒ ', 'yes'),
(42, 20, 'Ø­ÙØ¸  <b> Ø­Ø³ÙŠÙ† Ø¹Ø¨Ø¯ Ø§Ù„Ø²Ù‡Ø±Ù‡ </b>  Ù…Ù†Ø´ÙˆØ±Ùƒ ', 'yes'),
(43, 11, ' ØªÙ… Ù…ØªØ§Ø¨Ø¹ØªÙƒ Ù…Ù† Ù‚Ø¨Ù„  <b> Ø­Ø³ÙŠÙ† Ø¹Ø¨Ø¯ Ø§Ù„Ø²Ù‡Ø±Ù‡ </b>', 'no'),
(44, 11, 'Ø­ÙØ¸  <b> Ø­Ø³ÙŠÙ† Ø¹Ø¨Ø¯ Ø§Ù„Ø²Ù‡Ø±Ù‡ </b>  Ù…Ù†Ø´ÙˆØ±Ùƒ ', 'no'),
(45, 9, ' ØªÙ… Ù…ØªØ§Ø¨Ø¹ØªÙƒ Ù…Ù† Ù‚Ø¨Ù„  <b> Ø­Ø³ÙŠÙ† Ø¹Ø¨Ø¯ Ø§Ù„Ø²Ù‡Ø±Ù‡ </b>', 'no'),
(46, 9, 'Ø­ÙØ¸  <b> Ø­Ø³ÙŠÙ† Ø¹Ø¨Ø¯ Ø§Ù„Ø²Ù‡Ø±Ù‡ </b>  Ù…Ù†Ø´ÙˆØ±Ùƒ ', 'no'),
(47, 9, 'Ø§Ø²Ø§Ù„    <b> Ø­Ø³ÙŠÙ† Ø¹Ø¨Ø¯ Ø§Ù„Ø²Ù‡Ø±Ù‡ </b> Ø§Ù„Ø­ÙØ¸ Ù…Ù† Ù…Ù†Ø´ÙˆØ±Ùƒ ', 'no'),
(48, 41, ' ØªÙ… Ù…ØªØ§Ø¨Ø¹ØªÙƒ Ù…Ù† Ù‚Ø¨Ù„  <b> ali ali </b>', 'yes'),
(49, 20, ' ØªÙ… Ù…ØªØ§Ø¨Ø¹ØªÙƒ Ù…Ù† Ù‚Ø¨Ù„  <b> Ù…Ø¤Ø³Ø³Ø© Ø£Ù…Ù„ </b>', 'yes'),
(50, 20, 'Ø§Ù‡ØªÙ…   <b> Ù…Ø¤Ø³Ø³Ø© Ø£Ù…Ù„ </b>  Ø¨Ù…Ù†Ø´ÙˆØ±Ùƒ ', 'yes'),
(51, 20, 'Ø­ÙØ¸  <b> Ù…Ø¤Ø³Ø³Ø© Ø£Ù…Ù„ </b>  Ù…Ù†Ø´ÙˆØ±Ùƒ ', 'yes'),
(52, 20, 'Ø¹Ù„Ù‚  <b> Ù…Ø¤Ø³Ø³Ø© Ø£Ù…Ù„ </b>  Ø¹Ù„Ù‰ Ù…Ù†Ø´ÙˆØ±Ùƒ ', 'yes'),
(53, 42, ' Ø£Ø¹Ø¬Ø¨  <b> Ù…Ø¤Ø³Ø³Ø© Ø£Ù…Ù„ </b>  Ø¹Ù„Ù‰ Ù…Ù†Ø´ÙˆØ±Ùƒ ', 'no'),
(54, 20, ' ØªÙ… Ù…ØªØ§Ø¨Ø¹ØªÙƒ Ù…Ù† Ù‚Ø¨Ù„  <b> zeena akram </b>', 'yes'),
(55, 20, 'Ø§Ù‡ØªÙ…   <b> zeena akram </b>  Ø¨Ù…Ù†Ø´ÙˆØ±Ùƒ ', 'yes'),
(56, 20, ' ØªÙ… Ù…ØªØ§Ø¨Ø¹ØªÙƒ Ù…Ù† Ù‚Ø¨Ù„  <b> ali ali </b>', 'yes'),
(57, 20, 'Ø§Ù‡ØªÙ…   <b> ali ali </b>  Ø¨Ù…Ù†Ø´ÙˆØ±Ùƒ ', 'yes'),
(58, 9, 'ØªÙ… Ù…Ø´Ø§Ø±ÙƒÙ‡ Ù…Ù†Ø´ÙˆØ±Ùƒ', 'no'),
(59, 11, 'ØªÙ… Ù…Ø´Ø§Ø±ÙƒÙ‡ Ù…Ù†Ø´ÙˆØ±Ùƒ', 'no'),
(60, 9, 'ØªÙ… Ù…Ø´Ø§Ø±ÙƒÙ‡ Ù…Ù†Ø´ÙˆØ±Ùƒ', 'no'),
(61, 11, 'ØªÙ… Ù…Ø´Ø§Ø±ÙƒÙ‡ Ù…Ù†Ø´ÙˆØ±Ùƒ', 'no'),
(62, 41, ' ØªÙ… Ù…ØªØ§Ø¨Ø¹ØªÙƒ Ù…Ù† Ù‚Ø¨Ù„  <b> zainab abbas </b>', 'yes'),
(63, 20, ' ØªÙ… Ù…ØªØ§Ø¨Ø¹ØªÙƒ Ù…Ù† Ù‚Ø¨Ù„  <b> zainab abbas </b>', 'yes'),
(64, 42, ' ØªÙ… Ù…ØªØ§Ø¨Ø¹ØªÙƒ Ù…Ù† Ù‚Ø¨Ù„  <b> zainab abbas </b>', 'no'),
(65, 4, ' ØªÙ… Ù…ØªØ§Ø¨Ø¹ØªÙƒ Ù…Ù† Ù‚Ø¨Ù„  <b> zainab abbas </b>', 'yes'),
(66, 9, ' ØªÙ… Ù…ØªØ§Ø¨Ø¹ØªÙƒ Ù…Ù† Ù‚Ø¨Ù„  <b> zainab abbas </b>', 'no'),
(67, 11, ' ØªÙ… Ù…ØªØ§Ø¨Ø¹ØªÙƒ Ù…Ù† Ù‚Ø¨Ù„  <b> zainab abbas </b>', 'no'),
(68, 12, ' ØªÙ… Ù…ØªØ§Ø¨Ø¹ØªÙƒ Ù…Ù† Ù‚Ø¨Ù„  <b> zainab abbas </b>', 'no'),
(69, 16, ' ØªÙ… Ù…ØªØ§Ø¨Ø¹ØªÙƒ Ù…Ù† Ù‚Ø¨Ù„  <b> zainab abbas </b>', 'no'),
(70, 14, ' ØªÙ… Ù…ØªØ§Ø¨Ø¹ØªÙƒ Ù…Ù† Ù‚Ø¨Ù„  <b> zainab abbas </b>', 'no'),
(71, 17, ' ØªÙ… Ù…ØªØ§Ø¨Ø¹ØªÙƒ Ù…Ù† Ù‚Ø¨Ù„  <b> zainab abbas </b>', 'no'),
(72, 18, ' ØªÙ… Ù…ØªØ§Ø¨Ø¹ØªÙƒ Ù…Ù† Ù‚Ø¨Ù„  <b> zainab abbas </b>', 'no'),
(73, 19, ' ØªÙ… Ù…ØªØ§Ø¨Ø¹ØªÙƒ Ù…Ù† Ù‚Ø¨Ù„  <b> zainab abbas </b>', 'no'),
(74, 23, ' ØªÙ… Ù…ØªØ§Ø¨Ø¹ØªÙƒ Ù…Ù† Ù‚Ø¨Ù„  <b> zainab abbas </b>', 'no'),
(75, 42, ' ØªÙ… Ù…ØªØ§Ø¨Ø¹ØªÙƒ Ù…Ù† Ù‚Ø¨Ù„  <b> ali ali </b>', 'no'),
(76, 23, ' ØªÙ… Ù…ØªØ§Ø¨Ø¹ØªÙƒ Ù…Ù† Ù‚Ø¨Ù„  <b> ali ali </b>', 'no'),
(77, 19, ' ØªÙ… Ù…ØªØ§Ø¨Ø¹ØªÙƒ Ù…Ù† Ù‚Ø¨Ù„  <b> ali ali </b>', 'no'),
(78, 18, ' ØªÙ… Ù…ØªØ§Ø¨Ø¹ØªÙƒ Ù…Ù† Ù‚Ø¨Ù„  <b> ali ali </b>', 'no'),
(79, 17, ' ØªÙ… Ù…ØªØ§Ø¨Ø¹ØªÙƒ Ù…Ù† Ù‚Ø¨Ù„  <b> ali ali </b>', 'no'),
(80, 9, ' ØªÙ… Ù…ØªØ§Ø¨Ø¹ØªÙƒ Ù…Ù† Ù‚Ø¨Ù„  <b> ali ali </b>', 'no'),
(81, 11, ' ØªÙ… Ù…ØªØ§Ø¨Ø¹ØªÙƒ Ù…Ù† Ù‚Ø¨Ù„  <b> ali ali </b>', 'no'),
(82, 12, ' ØªÙ… Ù…ØªØ§Ø¨Ø¹ØªÙƒ Ù…Ù† Ù‚Ø¨Ù„  <b> ali ali </b>', 'no'),
(83, 13, ' ØªÙ… Ù…ØªØ§Ø¨Ø¹ØªÙƒ Ù…Ù† Ù‚Ø¨Ù„  <b> ali ali </b>', 'no'),
(84, 14, ' ØªÙ… Ù…ØªØ§Ø¨Ø¹ØªÙƒ Ù…Ù† Ù‚Ø¨Ù„  <b> ali ali </b>', 'no'),
(85, 16, ' ØªÙ… Ù…ØªØ§Ø¨Ø¹ØªÙƒ Ù…Ù† Ù‚Ø¨Ù„  <b> ali ali </b>', 'no'),
(86, 41, ' ØªÙ… Ù…ØªØ§Ø¨Ø¹ØªÙƒ Ù…Ù† Ù‚Ø¨Ù„  <b> Ù…Ø­Ù…Ø¯ Ø±Ø¶Ø§ Ø¹Ø¨Ø¯ Ø§Ù„Ø±Ø­Ù…Ù† </b>', 'yes'),
(87, 42, ' ØªÙ… Ù…ØªØ§Ø¨Ø¹ØªÙƒ Ù…Ù† Ù‚Ø¨Ù„  <b> Ù…Ø­Ù…Ø¯ Ø±Ø¶Ø§ Ø¹Ø¨Ø¯ Ø§Ù„Ø±Ø­Ù…Ù† </b>', 'no'),
(88, 23, ' ØªÙ… Ù…ØªØ§Ø¨Ø¹ØªÙƒ Ù…Ù† Ù‚Ø¨Ù„  <b> Ù…Ø­Ù…Ø¯ Ø±Ø¶Ø§ Ø¹Ø¨Ø¯ Ø§Ù„Ø±Ø­Ù…Ù† </b>', 'no'),
(89, 19, ' ØªÙ… Ù…ØªØ§Ø¨Ø¹ØªÙƒ Ù…Ù† Ù‚Ø¨Ù„  <b> Ù…Ø­Ù…Ø¯ Ø±Ø¶Ø§ Ø¹Ø¨Ø¯ Ø§Ù„Ø±Ø­Ù…Ù† </b>', 'no'),
(90, 18, ' ØªÙ… Ù…ØªØ§Ø¨Ø¹ØªÙƒ Ù…Ù† Ù‚Ø¨Ù„  <b> Ù…Ø­Ù…Ø¯ Ø±Ø¶Ø§ Ø¹Ø¨Ø¯ Ø§Ù„Ø±Ø­Ù…Ù† </b>', 'no'),
(91, 13, ' ØªÙ… Ù…ØªØ§Ø¨Ø¹ØªÙƒ Ù…Ù† Ù‚Ø¨Ù„  <b> Ù…Ø­Ù…Ø¯ Ø±Ø¶Ø§ Ø¹Ø¨Ø¯ Ø§Ù„Ø±Ø­Ù…Ù† </b>', 'no'),
(92, 14, ' ØªÙ… Ù…ØªØ§Ø¨Ø¹ØªÙƒ Ù…Ù† Ù‚Ø¨Ù„  <b> Ù…Ø­Ù…Ø¯ Ø±Ø¶Ø§ Ø¹Ø¨Ø¯ Ø§Ù„Ø±Ø­Ù…Ù† </b>', 'no'),
(93, 16, ' ØªÙ… Ù…ØªØ§Ø¨Ø¹ØªÙƒ Ù…Ù† Ù‚Ø¨Ù„  <b> Ù…Ø­Ù…Ø¯ Ø±Ø¶Ø§ Ø¹Ø¨Ø¯ Ø§Ù„Ø±Ø­Ù…Ù† </b>', 'no'),
(94, 17, ' ØªÙ… Ù…ØªØ§Ø¨Ø¹ØªÙƒ Ù…Ù† Ù‚Ø¨Ù„  <b> Ù…Ø­Ù…Ø¯ Ø±Ø¶Ø§ Ø¹Ø¨Ø¯ Ø§Ù„Ø±Ø­Ù…Ù† </b>', 'no'),
(95, 4, ' ØªÙ… Ù…ØªØ§Ø¨Ø¹ØªÙƒ Ù…Ù† Ù‚Ø¨Ù„  <b> Ù…Ø­Ù…Ø¯ Ø±Ø¶Ø§ Ø¹Ø¨Ø¯ Ø§Ù„Ø±Ø­Ù…Ù† </b>', 'yes'),
(96, 9, ' ØªÙ… Ù…ØªØ§Ø¨Ø¹ØªÙƒ Ù…Ù† Ù‚Ø¨Ù„  <b> Ù…Ø­Ù…Ø¯ Ø±Ø¶Ø§ Ø¹Ø¨Ø¯ Ø§Ù„Ø±Ø­Ù…Ù† </b>', 'no'),
(97, 12, ' ØªÙ… Ù…ØªØ§Ø¨Ø¹ØªÙƒ Ù…Ù† Ù‚Ø¨Ù„  <b> Ù…Ø­Ù…Ø¯ Ø±Ø¶Ø§ Ø¹Ø¨Ø¯ Ø§Ù„Ø±Ø­Ù…Ù† </b>', 'no'),
(98, 42, ' ØªÙ… Ù…ØªØ§Ø¨Ø¹ØªÙƒ Ù…Ù† Ù‚Ø¨Ù„  <b> sozan john </b>', 'no'),
(99, 41, ' ØªÙ… Ù…ØªØ§Ø¨Ø¹ØªÙƒ Ù…Ù† Ù‚Ø¨Ù„  <b> sozan john </b>', 'yes'),
(100, 42, ' ØªÙ… Ù…ØªØ§Ø¨Ø¹ØªÙƒ Ù…Ù† Ù‚Ø¨Ù„  <b> zeena akram </b>', 'no'),
(101, 41, ' ØªÙ… Ù…ØªØ§Ø¨Ø¹ØªÙƒ Ù…Ù† Ù‚Ø¨Ù„  <b> zeena akram </b>', 'yes'),
(102, 23, ' ØªÙ… Ù…ØªØ§Ø¨Ø¹ØªÙƒ Ù…Ù† Ù‚Ø¨Ù„  <b> zeena akram </b>', 'no'),
(103, 4, ' ØªÙ… Ù…ØªØ§Ø¨Ø¹ØªÙƒ Ù…Ù† Ù‚Ø¨Ù„  <b> zeena akram </b>', 'yes'),
(104, 9, ' ØªÙ… Ù…ØªØ§Ø¨Ø¹ØªÙƒ Ù…Ù† Ù‚Ø¨Ù„  <b> zeena akram </b>', 'no'),
(105, 11, ' ØªÙ… Ù…ØªØ§Ø¨Ø¹ØªÙƒ Ù…Ù† Ù‚Ø¨Ù„  <b> zeena akram </b>', 'no'),
(106, 13, ' ØªÙ… Ù…ØªØ§Ø¨Ø¹ØªÙƒ Ù…Ù† Ù‚Ø¨Ù„  <b> zeena akram </b>', 'no'),
(107, 14, ' ØªÙ… Ù…ØªØ§Ø¨Ø¹ØªÙƒ Ù…Ù† Ù‚Ø¨Ù„  <b> zeena akram </b>', 'no'),
(108, 16, ' ØªÙ… Ù…ØªØ§Ø¨Ø¹ØªÙƒ Ù…Ù† Ù‚Ø¨Ù„  <b> zeena akram </b>', 'no'),
(109, 17, ' ØªÙ… Ù…ØªØ§Ø¨Ø¹ØªÙƒ Ù…Ù† Ù‚Ø¨Ù„  <b> zeena akram </b>', 'no'),
(110, 18, ' ØªÙ… Ù…ØªØ§Ø¨Ø¹ØªÙƒ Ù…Ù† Ù‚Ø¨Ù„  <b> zeena akram </b>', 'no'),
(111, 19, ' ØªÙ… Ù…ØªØ§Ø¨Ø¹ØªÙƒ Ù…Ù† Ù‚Ø¨Ù„  <b> zeena akram </b>', 'no'),
(112, 11, 'ØªÙ… Ù…Ø´Ø§Ø±ÙƒÙ‡ Ù…Ù†Ø´ÙˆØ±Ùƒ', 'no'),
(113, 13, 'ØªÙ… Ù…Ø´Ø§Ø±ÙƒÙ‡ Ù…Ù†Ø´ÙˆØ±Ùƒ', 'no'),
(114, 4, 'ØªÙ… Ù…Ø´Ø§Ø±ÙƒÙ‡ Ù…Ù†Ø´ÙˆØ±Ùƒ', 'yes'),
(115, 20, 'ØªÙ… Ù…Ø´Ø§Ø±ÙƒÙ‡ Ù…Ù†Ø´ÙˆØ±Ùƒ', 'yes'),
(116, 12, 'ØªÙ… Ù…Ø´Ø§Ø±ÙƒÙ‡ Ù…Ù†Ø´ÙˆØ±Ùƒ', 'no'),
(117, 42, ' ØªÙ… Ù…ØªØ§Ø¨Ø¹ØªÙƒ Ù…Ù† Ù‚Ø¨Ù„  <b> noor saad </b>', 'no'),
(118, 41, ' ØªÙ… Ù…ØªØ§Ø¨Ø¹ØªÙƒ Ù…Ù† Ù‚Ø¨Ù„  <b> noor saad </b>', 'yes'),
(119, 18, ' ØªÙ… Ù…ØªØ§Ø¨Ø¹ØªÙƒ Ù…Ù† Ù‚Ø¨Ù„  <b> noor saad </b>', 'no'),
(120, 19, ' ØªÙ… Ù…ØªØ§Ø¨Ø¹ØªÙƒ Ù…Ù† Ù‚Ø¨Ù„  <b> noor saad </b>', 'no'),
(121, 20, ' ØªÙ… Ù…ØªØ§Ø¨Ø¹ØªÙƒ Ù…Ù† Ù‚Ø¨Ù„  <b> noor saad </b>', 'yes'),
(122, 23, ' ØªÙ… Ù…ØªØ§Ø¨Ø¹ØªÙƒ Ù…Ù† Ù‚Ø¨Ù„  <b> noor saad </b>', 'no'),
(123, 13, ' ØªÙ… Ù…ØªØ§Ø¨Ø¹ØªÙƒ Ù…Ù† Ù‚Ø¨Ù„  <b> noor saad </b>', 'no'),
(124, 16, ' ØªÙ… Ù…ØªØ§Ø¨Ø¹ØªÙƒ Ù…Ù† Ù‚Ø¨Ù„  <b> noor saad </b>', 'no'),
(125, 17, ' ØªÙ… Ù…ØªØ§Ø¨Ø¹ØªÙƒ Ù…Ù† Ù‚Ø¨Ù„  <b> noor saad </b>', 'no'),
(126, 4, ' ØªÙ… Ù…ØªØ§Ø¨Ø¹ØªÙƒ Ù…Ù† Ù‚Ø¨Ù„  <b> noor saad </b>', 'yes'),
(127, 12, ' ØªÙ… Ù…ØªØ§Ø¨Ø¹ØªÙƒ Ù…Ù† Ù‚Ø¨Ù„  <b> jassm daher </b>', 'no'),
(128, 4, ' ØªÙ… Ù…ØªØ§Ø¨Ø¹ØªÙƒ Ù…Ù† Ù‚Ø¨Ù„  <b> jassm daher </b>', 'yes'),
(129, 20, ' ØªÙ… Ù…ØªØ§Ø¨Ø¹ØªÙƒ Ù…Ù† Ù‚Ø¨Ù„  <b> jassm daher </b>', 'yes'),
(130, 42, ' ØªÙ… Ù…ØªØ§Ø¨Ø¹ØªÙƒ Ù…Ù† Ù‚Ø¨Ù„  <b> jassm daher </b>', 'no'),
(131, 42, ' Ø£Ø¹Ø¬Ø¨  <b> jassm daher </b>  Ø¹Ù„Ù‰ Ù…Ù†Ø´ÙˆØ±Ùƒ ', 'no'),
(132, 12, ' Ø£Ø¹Ø¬Ø¨  <b> jassm daher </b>  Ø¹Ù„Ù‰ Ù…Ù†Ø´ÙˆØ±Ùƒ ', 'no'),
(133, 20, ' Ø£Ø¹Ø¬Ø¨  <b> jassm daher </b>  Ø¹Ù„Ù‰ Ù…Ù†Ø´ÙˆØ±Ùƒ ', 'yes'),
(134, 20, ' Ø£Ø¹Ø¬Ø¨  <b> jassm daher </b>  Ø¹Ù„Ù‰ Ù…Ù†Ø´ÙˆØ±Ùƒ ', 'yes'),
(135, 20, 'Ø§Ù‡ØªÙ…   <b> jassm daher </b>  Ø¨Ù…Ù†Ø´ÙˆØ±Ùƒ ', 'yes'),
(136, 20, 'Ø­ÙØ¸  <b> jassm daher </b>  Ù…Ù†Ø´ÙˆØ±Ùƒ ', 'yes'),
(137, 20, 'Ø­ÙØ¸  <b> jassm daher </b>  Ù…Ù†Ø´ÙˆØ±Ùƒ ', 'yes'),
(138, 11, 'ØªÙ… Ù…Ø´Ø§Ø±ÙƒÙ‡ Ù…Ù†Ø´ÙˆØ±Ùƒ', 'no'),
(139, 13, 'ØªÙ… Ù…Ø´Ø§Ø±ÙƒÙ‡ Ù…Ù†Ø´ÙˆØ±Ùƒ', 'no'),
(140, 4, 'ØªÙ… Ù…Ø´Ø§Ø±ÙƒÙ‡ Ù…Ù†Ø´ÙˆØ±Ùƒ', 'yes'),
(141, 20, 'ØªÙ… Ù…Ø´Ø§Ø±ÙƒÙ‡ Ù…Ù†Ø´ÙˆØ±Ùƒ', 'yes'),
(142, 12, 'ØªÙ… Ù…Ø´Ø§Ø±ÙƒÙ‡ Ù…Ù†Ø´ÙˆØ±Ùƒ', 'no'),
(143, 14, 'ØªÙ… Ù…Ø´Ø§Ø±ÙƒÙ‡ Ù…Ù†Ø´ÙˆØ±Ùƒ', 'no'),
(144, 42, ' ØªÙ… Ù…ØªØ§Ø¨Ø¹ØªÙƒ Ù…Ù† Ù‚Ø¨Ù„  <b> hussain ali </b>', 'no'),
(145, 4, ' ØªÙ… Ù…ØªØ§Ø¨Ø¹ØªÙƒ Ù…Ù† Ù‚Ø¨Ù„  <b> hussain ali </b>', 'yes'),
(146, 20, ' ØªÙ… Ù…ØªØ§Ø¨Ø¹ØªÙƒ Ù…Ù† Ù‚Ø¨Ù„  <b> hussain ali </b>', 'yes'),
(147, 20, ' Ø£Ø¹Ø¬Ø¨  <b> hussain ali </b>  Ø¹Ù„Ù‰ Ù…Ù†Ø´ÙˆØ±Ùƒ ', 'yes'),
(148, 20, 'Ø¹Ù„Ù‚  <b> hussain ali </b>  Ø¹Ù„Ù‰ Ù…Ù†Ø´ÙˆØ±Ùƒ ', 'yes'),
(149, 11, 'ØªÙ… Ù…Ø´Ø§Ø±ÙƒÙ‡ Ù…Ù†Ø´ÙˆØ±Ùƒ', 'no'),
(150, 41, 'ØªÙ… Ù…Ø´Ø§Ø±ÙƒÙ‡ Ù…Ù†Ø´ÙˆØ±Ùƒ', 'yes'),
(151, 13, 'ØªÙ… Ù…Ø´Ø§Ø±ÙƒÙ‡ Ù…Ù†Ø´ÙˆØ±Ùƒ', 'no'),
(152, 4, 'ØªÙ… Ù…Ø´Ø§Ø±ÙƒÙ‡ Ù…Ù†Ø´ÙˆØ±Ùƒ', 'yes'),
(153, 20, 'ØªÙ… Ù…Ø´Ø§Ø±ÙƒÙ‡ Ù…Ù†Ø´ÙˆØ±Ùƒ', 'yes'),
(154, 12, 'ØªÙ… Ù…Ø´Ø§Ø±ÙƒÙ‡ Ù…Ù†Ø´ÙˆØ±Ùƒ', 'no'),
(155, 14, 'ØªÙ… Ù…Ø´Ø§Ø±ÙƒÙ‡ Ù…Ù†Ø´ÙˆØ±Ùƒ', 'no'),
(156, 42, ' ØªÙ… Ù…ØªØ§Ø¨Ø¹ØªÙƒ Ù…Ù† Ù‚Ø¨Ù„  <b> yosaf fadel </b>', 'no'),
(157, 41, ' ØªÙ… Ù…ØªØ§Ø¨Ø¹ØªÙƒ Ù…Ù† Ù‚Ø¨Ù„  <b> yosaf fadel </b>', 'yes'),
(158, 23, ' ØªÙ… Ù…ØªØ§Ø¨Ø¹ØªÙƒ Ù…Ù† Ù‚Ø¨Ù„  <b> yosaf fadel </b>', 'no'),
(159, 20, ' ØªÙ… Ù…ØªØ§Ø¨Ø¹ØªÙƒ Ù…Ù† Ù‚Ø¨Ù„  <b> yosaf fadel </b>', 'yes'),
(160, 4, ' ØªÙ… Ù…ØªØ§Ø¨Ø¹ØªÙƒ Ù…Ù† Ù‚Ø¨Ù„  <b> yosaf fadel </b>', 'yes'),
(161, 13, ' ØªÙ… Ù…ØªØ§Ø¨Ø¹ØªÙƒ Ù…Ù† Ù‚Ø¨Ù„  <b> yosaf fadel </b>', 'no'),
(162, 14, ' ØªÙ… Ù…ØªØ§Ø¨Ø¹ØªÙƒ Ù…Ù† Ù‚Ø¨Ù„  <b> yosaf fadel </b>', 'no'),
(163, 12, ' ØªÙ… Ù…ØªØ§Ø¨Ø¹ØªÙƒ Ù…Ù† Ù‚Ø¨Ù„  <b> yosaf fadel </b>', 'no'),
(164, 42, ' Ø£Ø¹Ø¬Ø¨  <b> yosaf fadel </b>  Ø¹Ù„Ù‰ Ù…Ù†Ø´ÙˆØ±Ùƒ ', 'no'),
(165, 42, ' Ø£Ø¹Ø¬Ø¨  <b> yosaf fadel </b>  Ø¹Ù„Ù‰ Ù…Ù†Ø´ÙˆØ±Ùƒ ', 'no'),
(166, 20, ' Ø£Ø¹Ø¬Ø¨  <b> yosaf fadel </b>  Ø¹Ù„Ù‰ Ù…Ù†Ø´ÙˆØ±Ùƒ ', 'yes'),
(167, 11, 'ØªÙ… Ù…Ø´Ø§Ø±ÙƒÙ‡ Ù…Ù†Ø´ÙˆØ±Ùƒ', 'no'),
(168, 41, 'ØªÙ… Ù…Ø´Ø§Ø±ÙƒÙ‡ Ù…Ù†Ø´ÙˆØ±Ùƒ', 'yes'),
(169, 13, 'ØªÙ… Ù…Ø´Ø§Ø±ÙƒÙ‡ Ù…Ù†Ø´ÙˆØ±Ùƒ', 'no'),
(170, 4, 'ØªÙ… Ù…Ø´Ø§Ø±ÙƒÙ‡ Ù…Ù†Ø´ÙˆØ±Ùƒ', 'yes'),
(171, 20, 'ØªÙ… Ù…Ø´Ø§Ø±ÙƒÙ‡ Ù…Ù†Ø´ÙˆØ±Ùƒ', 'yes'),
(172, 12, 'ØªÙ… Ù…Ø´Ø§Ø±ÙƒÙ‡ Ù…Ù†Ø´ÙˆØ±Ùƒ', 'no'),
(173, 14, 'ØªÙ… Ù…Ø´Ø§Ø±ÙƒÙ‡ Ù…Ù†Ø´ÙˆØ±Ùƒ', 'no'),
(174, 19, 'ØªÙ… Ù…Ø´Ø§Ø±ÙƒÙ‡ Ù…Ù†Ø´ÙˆØ±Ùƒ', 'no'),
(175, 42, ' ØªÙ… Ù…ØªØ§Ø¨Ø¹ØªÙƒ Ù…Ù† Ù‚Ø¨Ù„  <b> ÙØ§Ø·Ù…Ù‡ Ø­Ø³ÙŠÙ† </b>', 'no'),
(176, 41, ' ØªÙ… Ù…ØªØ§Ø¨Ø¹ØªÙƒ Ù…Ù† Ù‚Ø¨Ù„  <b> ÙØ§Ø·Ù…Ù‡ Ø­Ø³ÙŠÙ† </b>', 'yes'),
(177, 20, ' ØªÙ… Ù…ØªØ§Ø¨Ø¹ØªÙƒ Ù…Ù† Ù‚Ø¨Ù„  <b> ÙØ§Ø·Ù…Ù‡ Ø­Ø³ÙŠÙ† </b>', 'yes'),
(178, 4, ' ØªÙ… Ù…ØªØ§Ø¨Ø¹ØªÙƒ Ù…Ù† Ù‚Ø¨Ù„  <b> ÙØ§Ø·Ù…Ù‡ Ø­Ø³ÙŠÙ† </b>', 'yes'),
(179, 20, ' Ø£Ø¹Ø¬Ø¨  <b> ÙØ§Ø·Ù…Ù‡ Ø­Ø³ÙŠÙ† </b>  Ø¹Ù„Ù‰ Ù…Ù†Ø´ÙˆØ±Ùƒ ', 'yes'),
(180, 20, 'Ø§Ù‡ØªÙ…   <b> ÙØ§Ø·Ù…Ù‡ Ø­Ø³ÙŠÙ† </b>  Ø¨Ù…Ù†Ø´ÙˆØ±Ùƒ ', 'yes'),
(181, 42, ' ØªÙ… Ù…ØªØ§Ø¨Ø¹ØªÙƒ Ù…Ù† Ù‚Ø¨Ù„  <b> Ø§Ø¨Ùˆ Ø¹Ù„ÙŠ  Ø§Ù„Ø¹Ø¨ÙˆØ¯ÙŠ </b>', 'no'),
(182, 20, ' ØªÙ… Ù…ØªØ§Ø¨Ø¹ØªÙƒ Ù…Ù† Ù‚Ø¨Ù„  <b> Ø§Ø¨Ùˆ Ø¹Ù„ÙŠ  Ø§Ù„Ø¹Ø¨ÙˆØ¯ÙŠ </b>', 'yes'),
(183, 4, ' ØªÙ… Ù…ØªØ§Ø¨Ø¹ØªÙƒ Ù…Ù† Ù‚Ø¨Ù„  <b> Ø§Ø¨Ùˆ Ø¹Ù„ÙŠ  Ø§Ù„Ø¹Ø¨ÙˆØ¯ÙŠ </b>', 'yes'),
(184, 42, ' Ø£Ø¹Ø¬Ø¨  <b> Ø§Ø¨Ùˆ Ø¹Ù„ÙŠ  Ø§Ù„Ø¹Ø¨ÙˆØ¯ÙŠ </b>  Ø¹Ù„Ù‰ Ù…Ù†Ø´ÙˆØ±Ùƒ ', 'no'),
(185, 42, ' Ø£Ø¹Ø¬Ø¨  <b> Ø§Ø¨Ùˆ Ø¹Ù„ÙŠ  Ø§Ù„Ø¹Ø¨ÙˆØ¯ÙŠ </b>  Ø¹Ù„Ù‰ Ù…Ù†Ø´ÙˆØ±Ùƒ ', 'no'),
(186, 43, ' ØªÙ… Ù…ØªØ§Ø¨Ø¹ØªÙƒ Ù…Ù† Ù‚Ø¨Ù„  <b> Ø³Ø¹Ø¯ Ø§Ù„Ø­Ø¯Ø§Ø¯ </b>', 'no'),
(187, 42, ' ØªÙ… Ù…ØªØ§Ø¨Ø¹ØªÙƒ Ù…Ù† Ù‚Ø¨Ù„  <b> Ø³Ø¹Ø¯ Ø§Ù„Ø­Ø¯Ø§Ø¯ </b>', 'no'),
(188, 20, ' ØªÙ… Ù…ØªØ§Ø¨Ø¹ØªÙƒ Ù…Ù† Ù‚Ø¨Ù„  <b> Ø³Ø¹Ø¯ Ø§Ù„Ø­Ø¯Ø§Ø¯ </b>', 'yes'),
(189, 4, ' ØªÙ… Ù…ØªØ§Ø¨Ø¹ØªÙƒ Ù…Ù† Ù‚Ø¨Ù„  <b> Ø³Ø¹Ø¯ Ø§Ù„Ø­Ø¯Ø§Ø¯ </b>', 'yes'),
(190, 42, ' ØªÙ… Ù…ØªØ§Ø¨Ø¹ØªÙƒ Ù…Ù† Ù‚Ø¨Ù„  <b> Ø§Ù…Ø§Ù…Ù‡ Ø¹Ø¨Ø¯ Ø§Ù„Ù„Ù‡ </b>', 'no'),
(191, 41, ' ØªÙ… Ù…ØªØ§Ø¨Ø¹ØªÙƒ Ù…Ù† Ù‚Ø¨Ù„  <b> Ø§Ù…Ø§Ù…Ù‡ Ø¹Ø¨Ø¯ Ø§Ù„Ù„Ù‡ </b>', 'yes'),
(192, 20, ' ØªÙ… Ù…ØªØ§Ø¨Ø¹ØªÙƒ Ù…Ù† Ù‚Ø¨Ù„  <b> Ø§Ù…Ø§Ù…Ù‡ Ø¹Ø¨Ø¯ Ø§Ù„Ù„Ù‡ </b>', 'yes'),
(193, 20, ' ØªÙ… Ù…ØªØ§Ø¨Ø¹ØªÙƒ Ù…Ù† Ù‚Ø¨Ù„  <b> Ø§Ù…Ø§Ù…Ù‡ Ø¹Ø¨Ø¯ Ø§Ù„Ù„Ù‡ </b>', 'yes'),
(194, 4, ' ØªÙ… Ù…ØªØ§Ø¨Ø¹ØªÙƒ Ù…Ù† Ù‚Ø¨Ù„  <b> Ø§Ù…Ø§Ù…Ù‡ Ø¹Ø¨Ø¯ Ø§Ù„Ù„Ù‡ </b>', 'yes'),
(195, 4, ' ØªÙ… Ù…ØªØ§Ø¨Ø¹ØªÙƒ Ù…Ù† Ù‚Ø¨Ù„  <b> Ø§Ù…Ø§Ù…Ù‡ Ø¹Ø¨Ø¯ Ø§Ù„Ù„Ù‡ </b>', 'yes'),
(196, 42, ' Ø£Ø¹Ø¬Ø¨  <b> Ø§Ù…Ø§Ù…Ù‡ Ø¹Ø¨Ø¯ Ø§Ù„Ù„Ù‡ </b>  Ø¹Ù„Ù‰ Ù…Ù†Ø´ÙˆØ±Ùƒ ', 'no'),
(197, 42, ' Ø£Ø¹Ø¬Ø¨  <b> Ø§Ù…Ø§Ù…Ù‡ Ø¹Ø¨Ø¯ Ø§Ù„Ù„Ù‡ </b>  Ø¹Ù„Ù‰ Ù…Ù†Ø´ÙˆØ±Ùƒ ', 'no'),
(198, 20, ' Ø£Ø¹Ø¬Ø¨  <b> Ø§Ù…Ø§Ù…Ù‡ Ø¹Ø¨Ø¯ Ø§Ù„Ù„Ù‡ </b>  Ø¹Ù„Ù‰ Ù…Ù†Ø´ÙˆØ±Ùƒ ', 'yes'),
(199, 20, ' Ø£Ø¹Ø¬Ø¨  <b> Ø§Ù…Ø§Ù…Ù‡ Ø¹Ø¨Ø¯ Ø§Ù„Ù„Ù‡ </b>  Ø¹Ù„Ù‰ Ù…Ù†Ø´ÙˆØ±Ùƒ ', 'yes'),
(200, 41, ' ØªÙ… Ù…ØªØ§Ø¨Ø¹ØªÙƒ Ù…Ù† Ù‚Ø¨Ù„  <b> Ù…Ø±ÙƒØ² it-code </b>', 'yes'),
(201, 20, ' ØªÙ… Ù…ØªØ§Ø¨Ø¹ØªÙƒ Ù…Ù† Ù‚Ø¨Ù„  <b> Ù…Ø±ÙƒØ² it-code </b>', 'yes'),
(202, 41, ' ØªÙ… Ù…ØªØ§Ø¨Ø¹ØªÙƒ Ù…Ù† Ù‚Ø¨Ù„  <b> Ù†Ø§Ø¯ÙŠ ÙƒÙˆÙƒÙ„  Ø§Ù„Ø·Ù„Ø§Ø¨ÙŠ </b>', 'yes'),
(203, 20, ' ØªÙ… Ù…ØªØ§Ø¨Ø¹ØªÙƒ Ù…Ù† Ù‚Ø¨Ù„  <b> Ù†Ø§Ø¯ÙŠ ÙƒÙˆÙƒÙ„  Ø§Ù„Ø·Ù„Ø§Ø¨ÙŠ </b>', 'yes'),
(204, 16, ' ØªÙ… Ù…ØªØ§Ø¨Ø¹ØªÙƒ Ù…Ù† Ù‚Ø¨Ù„  <b> Ù†Ø§Ø¯ÙŠ ÙƒÙˆÙƒÙ„  Ø§Ù„Ø·Ù„Ø§Ø¨ÙŠ </b>', 'no'),
(205, 41, ' <b> ali ali </b>  Ø§Ù„ØºÙ‡  Ø§Ù„Ù…ØªØ§Ø¨Ø¹Ù‡ ', 'yes'),
(206, 41, ' ØªÙ… Ù…ØªØ§Ø¨Ø¹ØªÙƒ Ù…Ù† Ù‚Ø¨Ù„  <b> ali ali </b>', 'yes'),
(207, 48, ' ØªÙ… Ù…ØªØ§Ø¨Ø¹ØªÙƒ Ù…Ù† Ù‚Ø¨Ù„  <b> ali ali </b>', 'no'),
(208, 48, ' ØªÙ… Ù…ØªØ§Ø¨Ø¹ØªÙƒ Ù…Ù† Ù‚Ø¨Ù„  <b> Ù…Ø¹Ù‡Ø¯ zone </b>', 'no'),
(209, 47, ' ØªÙ… Ù…ØªØ§Ø¨Ø¹ØªÙƒ Ù…Ù† Ù‚Ø¨Ù„  <b> Ù…Ø¹Ù‡Ø¯ zone </b>', 'no'),
(210, 20, ' ØªÙ… Ù…ØªØ§Ø¨Ø¹ØªÙƒ Ù…Ù† Ù‚Ø¨Ù„  <b> Ù…Ø¹Ù‡Ø¯ zone </b>', 'yes'),
(211, 41, ' ØªÙ… Ù…ØªØ§Ø¨Ø¹ØªÙƒ Ù…Ù† Ù‚Ø¨Ù„  <b> Ù…Ø¹Ù‡Ø¯ zone </b>', 'yes'),
(212, 42, ' ØªÙ… Ù…ØªØ§Ø¨Ø¹ØªÙƒ Ù…Ù† Ù‚Ø¨Ù„  <b> Ù…Ø¹Ù‡Ø¯ zone </b>', 'no'),
(213, 20, ' ØªÙ… Ù…ØªØ§Ø¨Ø¹ØªÙƒ Ù…Ù† Ù‚Ø¨Ù„  <b> ØªØ¨Ø§Ø±Ùƒ Ø¹Ù„ÙŠ </b>', 'yes'),
(214, 48, ' ØªÙ… Ù…ØªØ§Ø¨Ø¹ØªÙƒ Ù…Ù† Ù‚Ø¨Ù„  <b> ØªØ¨Ø§Ø±Ùƒ Ø¹Ù„ÙŠ </b>', 'no'),
(215, 47, ' ØªÙ… Ù…ØªØ§Ø¨Ø¹ØªÙƒ Ù…Ù† Ù‚Ø¨Ù„  <b> ØªØ¨Ø§Ø±Ùƒ Ø¹Ù„ÙŠ </b>', 'no'),
(216, 51, ' ØªÙ… Ù…ØªØ§Ø¨Ø¹ØªÙƒ Ù…Ù† Ù‚Ø¨Ù„  <b> Ù…Ø­Ù…Ø¯ Ø±Ø¶Ø§ Ø¹Ø¨Ø¯ Ø§Ù„Ø±Ø­Ù…Ù† </b>', 'no'),
(217, 20, ' ØªÙ… Ù…ØªØ§Ø¨Ø¹ØªÙƒ Ù…Ù† Ù‚Ø¨Ù„  <b> Ù…Ù‡Ø¯ÙŠ Ø§Ù„Ù†Ø¬Ø§Ø± </b>', 'yes'),
(218, 20, ' Ø£Ø¹Ø¬Ø¨  <b> Ù…Ù‡Ø¯ÙŠ Ø§Ù„Ù†Ø¬Ø§Ø± </b>  Ø¹Ù„Ù‰ Ù…Ù†Ø´ÙˆØ±Ùƒ ', 'yes'),
(219, 20, ' ØªÙ… Ù…ØªØ§Ø¨Ø¹ØªÙƒ Ù…Ù† Ù‚Ø¨Ù„  <b> ÙƒØ±Ø§Ø± Ø§Ù„ÙƒÙ‡Ø±Ø¨Ø§Ø¦ÙŠ </b>', 'yes'),
(220, 20, ' Ø£Ø¹Ø¬Ø¨  <b> ÙƒØ±Ø§Ø± Ø§Ù„ÙƒÙ‡Ø±Ø¨Ø§Ø¦ÙŠ </b>  Ø¹Ù„Ù‰ Ù…Ù†Ø´ÙˆØ±Ùƒ ', 'yes'),
(221, 20, 'Ø§Ù‡ØªÙ…   <b> ÙƒØ±Ø§Ø± Ø§Ù„ÙƒÙ‡Ø±Ø¨Ø§Ø¦ÙŠ </b>  Ø¨Ù…Ù†Ø´ÙˆØ±Ùƒ ', 'yes'),
(222, 20, ' Ø£Ø¹Ø¬Ø¨  <b> ÙƒØ±Ø§Ø± Ø§Ù„ÙƒÙ‡Ø±Ø¨Ø§Ø¦ÙŠ </b>  Ø¹Ù„Ù‰ Ù…Ù†Ø´ÙˆØ±Ùƒ ', 'yes'),
(223, 19, ' ØªÙ… Ù…ØªØ§Ø¨Ø¹ØªÙƒ Ù…Ù† Ù‚Ø¨Ù„  <b> ÙƒÙˆØ²Ù…ØªÙƒ  Ø§Ø¯Ù… </b>', 'no'),
(224, 14, ' ØªÙ… Ù…ØªØ§Ø¨Ø¹ØªÙƒ Ù…Ù† Ù‚Ø¨Ù„  <b> ÙƒÙˆØ²Ù…ØªÙƒ  Ø§Ø¯Ù… </b>', 'no'),
(225, 47, ' ØªÙ… Ù…ØªØ§Ø¨Ø¹ØªÙƒ Ù…Ù† Ù‚Ø¨Ù„  <b> ÙƒÙˆØ²Ù…ØªÙƒ  Ø§Ø¯Ù… </b>', 'no'),
(226, 20, ' ØªÙ… Ù…ØªØ§Ø¨Ø¹ØªÙƒ Ù…Ù† Ù‚Ø¨Ù„  <b> ÙƒÙˆØ²Ù…ØªÙƒ  Ø§Ø¯Ù… </b>', 'yes'),
(227, 20, ' Ø£Ø¹Ø¬Ø¨  <b> ÙƒÙˆØ²Ù…ØªÙƒ  Ø§Ø¯Ù… </b>  Ø¹Ù„Ù‰ Ù…Ù†Ø´ÙˆØ±Ùƒ ', 'yes'),
(228, 16, ' Ø£Ø¹Ø¬Ø¨  <b> Ù†Ø§Ø¯ÙŠ ÙƒÙˆÙƒÙ„  Ø§Ù„Ø·Ù„Ø§Ø¨ÙŠ </b>  Ø¹Ù„Ù‰ Ù…Ù†Ø´ÙˆØ±Ùƒ ', 'no'),
(229, 16, 'Ø§Ù‡ØªÙ…   <b> Ù†Ø§Ø¯ÙŠ ÙƒÙˆÙƒÙ„  Ø§Ù„Ø·Ù„Ø§Ø¨ÙŠ </b>  Ø¨Ù…Ù†Ø´ÙˆØ±Ùƒ ', 'no'),
(230, 16, 'Ø­ÙØ¸  <b> Ù†Ø§Ø¯ÙŠ ÙƒÙˆÙƒÙ„  Ø§Ù„Ø·Ù„Ø§Ø¨ÙŠ </b>  Ù…Ù†Ø´ÙˆØ±Ùƒ ', 'no'),
(231, 20, ' Ø£Ø¹Ø¬Ø¨  <b> Ù†Ø§Ø¯ÙŠ ÙƒÙˆÙƒÙ„  Ø§Ù„Ø·Ù„Ø§Ø¨ÙŠ </b>  Ø¹Ù„Ù‰ Ù…Ù†Ø´ÙˆØ±Ùƒ ', 'yes'),
(232, 20, 'Ø§Ù‡ØªÙ…   <b> Ù†Ø§Ø¯ÙŠ ÙƒÙˆÙƒÙ„  Ø§Ù„Ø·Ù„Ø§Ø¨ÙŠ </b>  Ø¨Ù…Ù†Ø´ÙˆØ±Ùƒ ', 'yes'),
(233, 20, 'Ø­ÙØ¸  <b> Ù†Ø§Ø¯ÙŠ ÙƒÙˆÙƒÙ„  Ø§Ù„Ø·Ù„Ø§Ø¨ÙŠ </b>  Ù…Ù†Ø´ÙˆØ±Ùƒ ', 'yes'),
(234, 20, ' Ø£Ø¹Ø¬Ø¨  <b> Ù†Ø§Ø¯ÙŠ ÙƒÙˆÙƒÙ„  Ø§Ù„Ø·Ù„Ø§Ø¨ÙŠ </b>  Ø¹Ù„Ù‰ Ù…Ù†Ø´ÙˆØ±Ùƒ ', 'yes'),
(235, 48, ' Ø£Ø¹Ø¬Ø¨  <b> Ù†Ø§Ø¯ÙŠ ÙƒÙˆÙƒÙ„  Ø§Ù„Ø·Ù„Ø§Ø¨ÙŠ </b>  Ø¹Ù„Ù‰ Ù…Ù†Ø´ÙˆØ±Ùƒ ', 'no'),
(236, 45, ' ØªÙ… Ù…ØªØ§Ø¨Ø¹ØªÙƒ Ù…Ù† Ù‚Ø¨Ù„  <b> Ù†Ø§Ø¯ÙŠ ÙƒÙˆÙƒÙ„  Ø§Ù„Ø·Ù„Ø§Ø¨ÙŠ </b>', 'no'),
(237, 45, ' Ø£Ø¹Ø¬Ø¨  <b> Ù†Ø§Ø¯ÙŠ ÙƒÙˆÙƒÙ„  Ø§Ù„Ø·Ù„Ø§Ø¨ÙŠ </b>  Ø¹Ù„Ù‰ Ù…Ù†Ø´ÙˆØ±Ùƒ ', 'no'),
(238, 45, 'Ø§Ù‡ØªÙ…   <b> Ù†Ø§Ø¯ÙŠ ÙƒÙˆÙƒÙ„  Ø§Ù„Ø·Ù„Ø§Ø¨ÙŠ </b>  Ø¨Ù…Ù†Ø´ÙˆØ±Ùƒ ', 'no'),
(239, 45, 'Ø¹Ù„Ù‚  <b> Ù†Ø§Ø¯ÙŠ ÙƒÙˆÙƒÙ„  Ø§Ù„Ø·Ù„Ø§Ø¨ÙŠ </b>  Ø¹Ù„Ù‰ Ù…Ù†Ø´ÙˆØ±Ùƒ ', 'no'),
(240, 46, ' Ø£Ø¹Ø¬Ø¨  <b> Ù…Ø±ÙƒØ² Ø¨Ø±Ø¯ Ù„Ù„ØªØ¨Ø±ÙŠØ¯ </b>  Ø¹Ù„Ù‰ Ù…Ù†Ø´ÙˆØ±Ùƒ ', 'no'),
(241, 46, 'Ø¹Ù„Ù‚  <b> Ù…Ø±ÙƒØ² Ø¨Ø±Ø¯ Ù„Ù„ØªØ¨Ø±ÙŠØ¯ </b>  Ø¹Ù„Ù‰ Ù…Ù†Ø´ÙˆØ±Ùƒ ', 'no'),
(242, 19, 'Ø¹Ù„Ù‚  <b> Ø­Ø³ÙŠÙ† Ø¹Ø¨Ø¯ Ø§Ù„Ø²Ù‡Ø±Ù‡ </b>  Ø¹Ù„Ù‰ Ù…Ù†Ø´ÙˆØ±Ùƒ ', 'no'),
(243, 19, ' Ø£Ø¹Ø¬Ø¨  <b> Ø­Ø³ÙŠÙ† Ø¹Ø¨Ø¯ Ø§Ù„Ø²Ù‡Ø±Ù‡ </b>  Ø¹Ù„Ù‰ Ù…Ù†Ø´ÙˆØ±Ùƒ ', 'no'),
(244, 20, ' Ø£Ø¹Ø¬Ø¨  <b> noor saad </b>  Ø¹Ù„Ù‰ Ù…Ù†Ø´ÙˆØ±Ùƒ ', 'yes'),
(245, 20, 'Ø¹Ù„Ù‚  <b> noor saad </b>  Ø¹Ù„Ù‰ Ù…Ù†Ø´ÙˆØ±Ùƒ ', 'yes'),
(246, 50, ' ØªÙ… Ù…ØªØ§Ø¨Ø¹ØªÙƒ Ù…Ù† Ù‚Ø¨Ù„  <b> Ù…Ø­Ù…Ø¯ Ø±Ø¶Ø§ Ø¹Ø¨Ø¯ Ø§Ù„Ø±Ø­Ù…Ù† </b>', 'no'),
(247, 49, ' ØªÙ… Ù…ØªØ§Ø¨Ø¹ØªÙƒ Ù…Ù† Ù‚Ø¨Ù„  <b> Ù…Ø­Ù…Ø¯ Ø±Ø¶Ø§ Ø¹Ø¨Ø¯ Ø§Ù„Ø±Ø­Ù…Ù† </b>', 'no'),
(248, 48, ' ØªÙ… Ù…ØªØ§Ø¨Ø¹ØªÙƒ Ù…Ù† Ù‚Ø¨Ù„  <b> Ù…Ø­Ù…Ø¯ Ø±Ø¶Ø§ Ø¹Ø¨Ø¯ Ø§Ù„Ø±Ø­Ù…Ù† </b>', 'no'),
(249, 47, ' ØªÙ… Ù…ØªØ§Ø¨Ø¹ØªÙƒ Ù…Ù† Ù‚Ø¨Ù„  <b> Ù…Ø­Ù…Ø¯ Ø±Ø¶Ø§ Ø¹Ø¨Ø¯ Ø§Ù„Ø±Ø­Ù…Ù† </b>', 'no'),
(250, 54, ' Ø£Ø¹Ø¬Ø¨  <b> ali ali </b>  Ø¹Ù„Ù‰ Ù…Ù†Ø´ÙˆØ±Ùƒ ', 'no'),
(251, 42, 'Ø­ÙØ¸  <b> Ù…Ø­Ù…Ø¯ Ø±Ø¶Ø§ Ø¹Ø¨Ø¯ Ø§Ù„Ø±Ø­Ù…Ù† </b>  Ù…Ù†Ø´ÙˆØ±Ùƒ ', 'no'),
(252, 42, 'Ø§Ù‡ØªÙ…   <b> Ù…Ø­Ù…Ø¯ Ø±Ø¶Ø§ Ø¹Ø¨Ø¯ Ø§Ù„Ø±Ø­Ù…Ù† </b>  Ø¨Ù…Ù†Ø´ÙˆØ±Ùƒ ', 'no'),
(253, 42, ' Ø£Ø¹Ø¬Ø¨  <b> Ù…Ø­Ù…Ø¯ Ø±Ø¶Ø§ Ø¹Ø¨Ø¯ Ø§Ù„Ø±Ø­Ù…Ù† </b>  Ø¹Ù„Ù‰ Ù…Ù†Ø´ÙˆØ±Ùƒ ', 'no'),
(254, 4, ' <b> Ù…Ø­Ù…Ø¯ Ø±Ø¶Ø§ Ø¹Ø¨Ø¯ Ø§Ù„Ø±Ø­Ù…Ù† </b>  Ø§Ù„ØºÙ‡  Ø§Ù„Ù…ØªØ§Ø¨Ø¹Ù‡ ', 'yes'),
(255, 44, ' ØªÙ… Ù…ØªØ§Ø¨Ø¹ØªÙƒ Ù…Ù† Ù‚Ø¨Ù„  <b> ali ali </b>', 'no'),
(256, 44, ' <b> ali ali </b>  Ø§Ù„ØºÙ‡  Ø§Ù„Ù…ØªØ§Ø¨Ø¹Ù‡ ', 'no'),
(257, 45, 'Ø¹Ù„Ù‚  <b> Ù…Ø­Ù…Ø¯ Ø±Ø¶Ø§ Ø¹Ø¨Ø¯ Ø§Ù„Ø±Ø­Ù…Ù† </b>  Ø¹Ù„Ù‰ Ù…Ù†Ø´ÙˆØ±Ùƒ ', 'no'),
(258, 54, ' ØªÙ… Ù…ØªØ§Ø¨Ø¹ØªÙƒ Ù…Ù† Ù‚Ø¨Ù„  <b> ali ali </b>', 'no'),
(259, 54, ' <b> ali ali </b>  Ø§Ù„ØºÙ‡  Ø§Ù„Ù…ØªØ§Ø¨Ø¹Ù‡ ', 'no'),
(260, 54, ' ØªÙ… Ù…ØªØ§Ø¨Ø¹ØªÙƒ Ù…Ù† Ù‚Ø¨Ù„  <b> ali ali </b>', 'no'),
(261, 41, ' <b> Ù…Ø­Ù…Ø¯ Ø±Ø¶Ø§ Ø¹Ø¨Ø¯ Ø§Ù„Ø±Ø­Ù…Ù† </b>  Ø§Ù„ØºÙ‡  Ø§Ù„Ù…ØªØ§Ø¨Ø¹Ù‡ ', 'no'),
(262, 49, ' Ø£Ø¹Ø¬Ø¨  <b> Ù…Ø­Ù…Ø¯ Ø±Ø¶Ø§ Ø¹Ø¨Ø¯ Ø§Ù„Ø±Ø­Ù…Ù† </b>  Ø¹Ù„Ù‰ Ù…Ù†Ø´ÙˆØ±Ùƒ ', 'no'),
(263, 48, 'Ø§Ù‡ØªÙ…   <b> Ù…Ø­Ù…Ø¯ Ø±Ø¶Ø§ Ø¹Ø¨Ø¯ Ø§Ù„Ø±Ø­Ù…Ù† </b>  Ø¨Ù…Ù†Ø´ÙˆØ±Ùƒ ', 'no'),
(264, 45, 'Ø§Ù‡ØªÙ…   <b> Ù…Ø­Ù…Ø¯ Ø±Ø¶Ø§ Ø¹Ø¨Ø¯ Ø§Ù„Ø±Ø­Ù…Ù† </b>  Ø¨Ù…Ù†Ø´ÙˆØ±Ùƒ ', 'no'),
(265, 54, ' <b> ali ali </b>  Ø§Ù„ØºÙ‡  Ø§Ù„Ù…ØªØ§Ø¨Ø¹Ù‡ ', 'no'),
(266, 48, ' <b> ali ali </b>  Ø§Ù„ØºÙ‡  Ø§Ù„Ù…ØªØ§Ø¨Ø¹Ù‡ ', 'no'),
(267, 23, ' <b> Ù…Ø­Ù…Ø¯ Ø±Ø¶Ø§ Ø¹Ø¨Ø¯ Ø§Ù„Ø±Ø­Ù…Ù† </b>  Ø§Ù„ØºÙ‡  Ø§Ù„Ù…ØªØ§Ø¨Ø¹Ù‡ ', 'no'),
(268, 9, ' <b> Ù…Ø­Ù…Ø¯ Ø±Ø¶Ø§ Ø¹Ø¨Ø¯ Ø§Ù„Ø±Ø­Ù…Ù† </b>  Ø§Ù„ØºÙ‡  Ø§Ù„Ù…ØªØ§Ø¨Ø¹Ù‡ ', 'no'),
(269, 54, ' ØªÙ… Ù…ØªØ§Ø¨Ø¹ØªÙƒ Ù…Ù† Ù‚Ø¨Ù„  <b> Ù…Ø­Ù…Ø¯ Ø±Ø¶Ø§ Ø¹Ø¨Ø¯ Ø§Ù„Ø±Ø­Ù…Ù† </b>', 'no'),
(270, 54, ' <b> Ù…Ø­Ù…Ø¯ Ø±Ø¶Ø§ Ø¹Ø¨Ø¯ Ø§Ù„Ø±Ø­Ù…Ù† </b>  Ø§Ù„ØºÙ‡  Ø§Ù„Ù…ØªØ§Ø¨Ø¹Ù‡ ', 'no');

-- --------------------------------------------------------

--
-- Table structure for table `post`
--

DROP TABLE IF EXISTS `post`;
CREATE TABLE IF NOT EXISTS `post` (
  `post_id` int(11) NOT NULL AUTO_INCREMENT,
  `user_id` int(11) DEFAULT NULL,
  `post_content` varchar(255) DEFAULT NULL,
  `post_img_name` varchar(255) DEFAULT NULL,
  `post_city` varchar(255) DEFAULT NULL,
  `post_man` varchar(255) DEFAULT NULL,
  `post_title` varchar(255) DEFAULT NULL,
  `post_type` varchar(255) DEFAULT NULL,
  `post_want` varchar(255) DEFAULT NULL,
  `post_gender` varchar(255) DEFAULT NULL,
  `post_datetime` varchar(255) DEFAULT NULL,
  `product_status` int(11) NOT NULL DEFAULT '1',
  PRIMARY KEY (`post_id`),
  KEY `user_id` (`user_id`) USING BTREE
) ENGINE=InnoDB AUTO_INCREMENT=20 DEFAULT CHARSET=utf8;

--
-- Dumping data for table `post`
--

INSERT INTO `post` (`post_id`, `user_id`, `post_content`, `post_img_name`, `post_city`, `post_man`, `post_title`, `post_type`, `post_want`, `post_gender`, `post_datetime`, `product_status`) VALUES
(1, 20, 'Ù…Ø³ØªØ¹Ø¯ÙŠÙ† Ù„Ø§Ù†Ø´Ø§Ø¡ Ù…ÙˆØ§Ù‚Ø¹ Ø§Ù„ÙƒØªØ±ÙˆÙ†ÙŠÙ‡ Ø¨Ø³Ø±Ø¹Ù‡  Ùˆ Ø¨Ø§Ø³Ø¹Ø§Ø± Ù…Ù†Ø§Ø³Ø¨Ù‡ Ù…Ø¹ ÙØ±ÙŠÙ‚ Ù…Ø¬Ù‡Ø² Ù„Ù…ØªØ§Ø¨Ø¹Ù‡ Ø§Ù„Ù…ÙˆÙ‚Ø¹ ÙˆØµÙŠØ§Ù†ØªÙ‡', 'photo_2022-12-31_21-18-01.jpg', 'Ø§Ù„Ø¨ØµØ±Ø©', 'Ø§Ù„Ø¬Ø²ÙŠØ±Ù‡', 'ØªØµÙ…ÙŠÙ… Ù…ÙˆØ§Ù‚Ø¹', 'Ø¹Ù…Ù„', 'Ø§Ø­ØªØ§Ø¬ Ø§Ù„Ù‰', 'ÙƒÙ„Ø§ Ø§Ù„Ø¬Ù†Ø³ÙŠÙ†', '2022-12-31 18:23:29', 1),
(2, 20, 'Ø¯ÙˆØ±Ù‡ Ù…Ø¬Ø§Ù†ÙŠÙ‡ Ù„Ù…Ø¯Ù‡ Ø§Ø³Ø¨ÙˆØ¹ÙŠÙ† Ù„ØªØ¹Ù„Ù… Ø§Ø³Ø§Ø³ÙŠØ§Øª ÙÙŠ HTML AND CSS AND JS  ', 'photo_2022-12-31_21-27-38.jpg', 'Ø§Ù„Ø¨ØµØ±Ø©', 'Ø¬Ø²Ø§Ø¦Ø±', 'Ø¯ÙˆØ±Ù‡ Ù…Ø¬Ø§Ù†ÙŠÙ‡', 'Ø¯ÙˆØ±Ù‡', 'Ø§Ø­ØªØ§Ø¬ Ø§Ù„Ù‰', 'ÙƒÙ„Ø§ Ø§Ù„Ø¬Ù†Ø³ÙŠÙ†', '2022-12-31 18:31:26', 1),
(3, 9, 'ÙÙ‚Ø· 10 Ø§Ù„Ù Ø¯ÙŠÙ†Ø§Ø± Ùˆ Ø§Ù„ØªÙˆØµÙŠÙ„ Ù…Ø¬Ø§Ù†ÙŠ Ù„Ø¬Ù…ÙŠØ¹ Ø§Ù„Ù…Ø­Ø§ÙØ¸Ø§Øª', 'IMG-20200621-WA0013.jpg', 'Ø§Ù„Ø¨ØµØ±Ø©', 'Ø§Ù„Ø­ÙŠØ§Ù†ÙŠÙ‡', 'Ù…Ù„Ø§Ø¨Ø³ Ø§Ø·ÙØ§Ù„', 'Ø¹Ù…Ù„', 'Ø§Ø¨Ø­Ø« Ø¹Ù†', 'ÙƒÙ„Ø§ Ø§Ù„Ø¬Ù†Ø³ÙŠÙ†', '2022-12-31 20:12:31', 1),
(4, 11, 'Ø§Ø¨Ø­Ø« Ø¹Ù† Ø¹Ù…Ù„ Ù…Ø¹ Ø§Ø¬Ø± Ù…Ù…ØªØ§Ø²', 'download (22).jpg', 'Ø¨ØºØ¯Ø§Ø¯', 'Ø²Ø¹ÙØ±Ø§Ù†ÙŠÙ‡', 'Ø§Ø­ØªØ§Ø¬ Ø¹Ù…Ù„', 'Ø¹Ù…Ù„', 'Ø§Ø¨Ø­Ø« Ø¹Ù†', 'Ø§Ù†Ø«Ù‰', '2022-12-31 20:40:22', 1),
(5, 42, 'Ù…Ù†Ø­Ù‡ Ù…Ø¬Ø§Ù†ÙŠÙ‡ Ù…Ø¹ Ø§Ø¬ÙˆØ± Ø§Ù„Ù†Ù‚Ù„ ØªØµÙ„ Ù„ 15 Ø§Ù„Ù Ø¯ÙŠÙ†Ø§Ø± Ø¹Ø±Ø§Ù‚ÙŠ ÙÙŠ ÙÙ† Ø§Ù„Ø®ÙŠØ§Ø·Ù‡ ÙˆØ´ÙƒØ±Ø§', 'images (52).jpg', 'ÙƒØ±Ø¨Ù„Ø§Ø¡', 'Ø´Ø§Ø±Ø¹ Ø§Ù„Ø³Ù†Ø§ØªØ±', 'Ù…Ù†Ø­Ù‡ Ù„Ù„Ø§Ù†Ø§Ø«', 'Ù…Ù†Ø­Ù‡', 'Ø§Ø­ØªØ§Ø¬ Ø§Ù„Ù‰', 'Ø§Ù†Ø«Ù‰', '2022-12-31 21:26:57', 1),
(6, 42, 'Ù…Ù†Ø­Ù‡ Ù…Ø¬Ø§Ù†ÙŠÙ‡ Ù„ØªØ¹Ù„Ù… Ù…Ù‡Ù†Ø© Ø§Ù„Ù†Ø¬Ø§Ø±Ù‡ Ù…Ø¹ Ø§Ø¬ÙˆØ± Ø§Ù„Ù†Ù‚Ù„ 10 Ø¯ÙˆÙ„Ø§Ø±', 'download (29).jpg', 'Ø§Ù„Ù†Ø¬Ù', 'Ø­ÙŠ Ø­Ø³ÙŠÙ†', 'ØªØ¹Ù„Ù… Ø§Ù„Ù†Ø¬Ø§Ø±Ù‡', 'Ù…Ù†Ø­Ù‡', 'Ø§Ø­ØªØ§Ø¬ Ø§Ù„Ù‰', 'Ø°ÙƒØ±', '2022-12-31 21:49:11', 1),
(7, 12, 'Ø¬Ø§Ù‡Ø²Ù‡ Ù„Ø¹Ù…Ù„ Ø§ÙŠ ØªØ®Ø·ÙŠØ· Ù„Ù„Ù‚Ø·Ø¹ Ø§Ù„Ø§Ø±Ø§Ø¶ÙŠ Ùˆ Ø¨Ø§Ø´Ø±Ø§Ù ØªØ§Ù…', 'images (2).jpg', 'Ù…ÙŠØ³Ø§Ù†', 'ÙˆØ²ÙŠØ±ÙŠÙ‡', 'ØªØ®Ø·ÙŠØ· Ù…Ù†Ø§Ø²Ù„', 'Ø¹Ù…Ù„', 'Ø§Ø¨Ø­Ø« Ø¹Ù†', 'ÙƒÙ„Ø§ Ø§Ù„Ø¬Ù†Ø³ÙŠÙ†', '2023-01-01 08:16:20', 1),
(8, 13, 'ØªÙ†Ø¸ÙŠÙ… ÙƒØ§ÙÙ‡ Ø§Ù„Ø­ÙÙ„Ø§Øª ÙƒØ­ÙÙ„Ø§Øª Ø§Ù„ØªØ®Ø±Ø¬  Ùˆ Ø§Ù„Ø²ÙˆØ§Ø¬ Ùˆ ØºÙŠØ±Ù‡Ø§ ', 'images (2).jpg', 'Ø¨Ø§Ø¨Ù„', 'Ø¬Ø³Ø± Ø§Ù„Ø´Ù‡ÙŠØ¯', 'ØªÙ†Ø¸ÙŠÙ… Ø­ÙÙ„Ø§Øª', 'Ø¹Ù…Ù„', 'Ø§Ø¨Ø­Ø« Ø¹Ù†', 'ÙƒÙ„Ø§ Ø§Ù„Ø¬Ù†Ø³ÙŠÙ†', '2023-01-01 08:46:52', 1),
(9, 14, 'Ø§Ø­ØªØ§Ø¬ Ø§Ù„Ù‰ Ø§Ø³Ø·Ù‰ Ø³ÙŠØ±Ø§Ù…ÙŠÙƒ Ù…Ø¹ Ø¹Ù…Ø§Ù„Ù‡ ÙÙŠ Ø§Ù‚Ø±Ø¨ ÙˆÙ‚Øª Ù„Ø¯ÙŠÙ‡ Ø¨ÙŠØª Ù…Ù† Ø·Ø§Ø¨Ù‚ÙŠÙ† Ù„Ø§ÙƒÙ…Ø§Ù„Ù‡', 'download (22).jpg', 'ÙƒØ±ÙƒÙˆÙƒ', 'Ø­ÙŠ Ø§Ù„Ø¯Ø¨Ø³', 'Ø§Ø³Ø·Ù‰ Ø³ÙŠØ±Ø§Ù…ÙŠÙƒ', 'Ø¹Ù…Ù„', 'Ø§Ø¨Ø­Ø« Ø¹Ù†', 'Ø°ÙƒØ±', '2023-01-01 09:10:14', 1),
(10, 16, 'Ø§Ø­ØªØ§Ø¬ Ø¹Ø§Ù…Ù„ ÙÙŠØªØ±Ø¬ÙŠ ÙŠØ¹Ù…Ù„ Ù„Ø¯ÙŠ  Ù…Ù† ØµØ¨Ø­ Ù„Ù„Ø¹ØµØ± Ù…Ù† Ø§Ù„Ø³Ø¨Øª Ù„Ù„Ø®Ù…ÙŠØ³ ÙŠÙˆÙ…ÙŠÙ‡ 20 Ø§Ù„Ù', 'photo_2023-01-01_17-17-28.jpg', 'Ø¯Ù‡ÙˆÙƒ', 'ÙŠÙ‡ÙˆØ±', 'Ø¹Ø§Ù…Ù„ ÙÙŠØªØ±Ø¬ÙŠ', 'Ø¹Ù…Ù„', 'Ø§Ø­ØªØ§Ø¬ Ø§Ù„Ù‰', 'Ø°ÙƒØ±', '2023-01-01 14:19:58', 1),
(11, 19, 'Ø¹Ù†Ø¯ÙŠ Ø³Ø§ÙŠØ¨Ù‡ ØªØ¨Ø±ÙŠØ¯ Ø´ØºØ§Ù„ Ø§Ø±ÙŠØ¯ Ø®Ø· Ø·Ø§Ù„Ø¨Ø§Øª ÙÙ‚Ø·', 'cropped_1538486_2-500x300.jpg', 'Ù…ÙŠØ³Ø§Ù†', 'Ø§Ù„Ù…Ù†Ø¨Ø§Ø±', 'Ø®Ø· Ø·Ø§Ù„Ø¨Ø§Øª', 'Ø¹Ù…Ù„', 'Ø§Ø¨Ø­Ø« Ø¹Ù†', 'Ø§Ù†Ø«Ù‰', '2023-01-01 15:06:43', 1),
(12, 23, 'Ø®ÙŠØ§Ø·Ù‡ Ø¬Ù…ÙŠØ¹ Ù…Ù„Ø§Ø¨Ø³ Ø§Ù„Ù†Ø³Ø§Ø¦ÙŠÙ‡ Ùˆ Ø§Ù„Ø§Ø·ÙØ§Ù„ Ùˆ ØªÙˆØ¬Ø¯ Ø®Ø¯Ù…Ø© ØªÙˆØµÙŠÙ„', 'download (1).jpg', 'Ù†ÙŠÙ†ÙˆÙ‰', 'Ø´Ø§Ø±Ø¹ Ø§Ù„Ø³Ù‡Ù„Ù‡', 'Ø®ÙŠØ§Ø·Ù‡', 'Ø¹Ù…Ù„', 'Ø§Ø­ØªØ§Ø¬ Ø§Ù„Ù‰', 'ÙƒÙ„Ø§ Ø§Ù„Ø¬Ù†Ø³ÙŠÙ†', '2023-01-01 15:29:58', 1),
(13, 43, 'Ø§ÙŠ Ø§Ø­Ø¯ ÙŠØ­ØªØ§Ø¬ Ø§Ù„ÙŠ Ù„Ø¨Ø§Ø® Ø§Ùˆ Ø¨Ù†Ø§Ø¡ ÙŠØªØµÙ„ Ø¨ÙŠ', 'download (4).jpg', 'ØµÙ„Ø§Ø­ Ø§Ù„Ø¯ÙŠÙ†', 'Ø­ÙŠ Ø¹Ø¨Ø§Ø³ ', 'Ø¨Ù†Ø§Ø¡ Ø¨ÙŠØª ', 'Ø¹Ù…Ù„', 'Ø§Ø­ØªØ§Ø¬ Ø§Ù„Ù‰', 'ÙƒÙ„Ø§ Ø§Ù„Ø¬Ù†Ø³ÙŠÙ†', '2023-01-01 16:12:32', 1),
(14, 44, 'Ø¹Ù…Ù„ Ø§Ù†ÙˆØ§Ø¹ Ø§Ù„Ø¨ÙŠØ¨Ø§Ù† Ùˆ Ø¨Ø§Ø³Ø¹Ø§Ø± Ù…Ù†Ø§Ø³Ø¨Ù‡ Ù„Ù„ØªÙˆØµÙ„ Ø§ØªØµØ§Ù„ Ø¹ Ø§Ù„Ø±Ù‚Ù… 0687767776', 'images (5).jpg', 'Ø£Ø±Ø¨ÙŠÙ„', 'Ø²Ø§Ù‡Ø¯ÙŠÙ‡', 'Ø­Ø¯Ø§Ø¯Ù‡ Ø¨ÙŠØ¨Ø§Ù†', 'Ø¹Ù…Ù„', 'Ø§Ø­ØªØ§Ø¬ Ø§Ù„Ù‰', 'ÙƒÙ„Ø§ Ø§Ù„Ø¬Ù†Ø³ÙŠÙ†', '2023-01-01 16:33:28', 1),
(15, 45, 'Ø¬Ù…ÙŠØ¹ Ù…Ù†ØªØ¬Ø§Øª Ù…ØªÙˆÙØ±Ù‡', 'images (3).jpg', 'Ø§Ù„Ø£Ù†Ø¨Ø§Ø±', 'Ø´Ø±Ù‚ÙŠÙ‡', 'Ø³ÙˆØ§Ø± ØµÙ†Ø¹ ÙŠØ¯ÙˆÙŠ', 'Ø¹Ù…Ù„', 'Ø§Ø­ØªØ§Ø¬ Ø§Ù„Ù‰', 'Ø§Ù†Ø«Ù‰', '2023-01-01 16:55:11', 1),
(16, 46, 'Ø¨ÙŠØ¹ Ù‚Ø·Ø¹ ØºÙŠØ§Ø± Ùˆ ØªØµÙ„ÙŠØ­ Ùˆ Ø¨ÙŠØ¹ Ø§Ø¬Ù‡Ø²Ø© Ø§Ù„ØªØ¨Ø±ÙŠØ¯ ', 'knk.jhj.jpg', 'Ø§Ù„Ø¯ÙŠÙˆØ§Ù†ÙŠØ©', 'Ø®Ø¶Ø±Ø§Ø¡', 'bard Ù„Ù„ØªØ¨Ø±ÙŠØ¯', 'Ø¹Ù…Ù„', 'Ø§Ø­ØªØ§Ø¬ Ø§Ù„Ù‰', 'ÙƒÙ„Ø§ Ø§Ù„Ø¬Ù†Ø³ÙŠÙ†', '2023-01-01 17:26:00', 1),
(17, 47, 'Ù…Ø±ÙƒØ² it-code Ù„Ø®Ø¯Ù…Ø§Øª Ø§Ù„Ø¨Ø±Ù…Ø¬Ù‡ Ùˆ ØµÙŠØ§Ù†Ù‡ hardware and software Ùˆ Ø¨ÙŠØ¹ Ø§Ø¬Ù‡Ø²Ù‡ Ø§Ù„Ø­Ø§Ø³ÙˆØ¨', 'images (7).jpg', 'Ø°ÙŠ Ù‚Ø§Ø±', 'Ø³ÙˆÙ‚ Ø§Ù„Ø´ÙŠÙˆØ®', 'Ø®Ø¯Ù…Ø§Øª it-code', 'Ø¹Ù…Ù„', 'Ø§Ø­ØªØ§Ø¬ Ø§Ù„Ù‰', 'ÙƒÙ„Ø§ Ø§Ù„Ø¬Ù†Ø³ÙŠÙ†', '2023-01-01 18:34:34', 1),
(18, 48, 'Ø¯ÙˆØ±Ù‡ Ù…Ø¬Ø§Ù†ÙŠÙ‡ Ù„Ù„Ø¬Ù…ÙŠØ¹ ÙÙŠ ØªØ¹Ù„Ù… Ø§Ø³Ø§Ø³ÙŠØ§Øª Ø§Ù…Ù† Ø§Ù„Ù…Ø¹Ù„ÙˆÙ…Ø§Øª Ù„Ù…Ø¯Ù‡ Ø§Ø³Ø¨ÙˆØ¹ÙŠÙ† ', 'images (51).jpg', 'Ø¯ÙŠØ§Ù„Ù‰', 'Ù…Ù‚Ø¯Ø§Ø¯ÙŠÙ‡', 'Ø¯ÙˆØ±Ù‡ Ø§Ù…Ù† Ù…Ø¹Ù„ÙˆÙ…Ø§Øª Ù…Ø¬Ø§Ù†ÙŠÙ‡', 'Ø¯ÙˆØ±Ù‡', 'Ø§Ø­ØªØ§Ø¬ Ø§Ù„Ù‰', 'ÙƒÙ„Ø§ Ø§Ù„Ø¬Ù†Ø³ÙŠÙ†', '2023-01-01 19:05:11', 1),
(19, 49, 'Ù…Ù†Ø­Ù‡ Ù„ØªØ¹Ù„Ù… Ù„ØºÙ‡ Ø§Ù„Ø§Ù†ÙƒÙ„ÙŠØ²ÙŠÙ‡ Ø¨Ø³Ø¹Ø± Ù…Ù†Ø§Ø³Ø¨ Ø¬Ø¯Ø§ Ùˆ Ù‡ÙˆÙ‡ 200 Ø¯ÙˆÙ„Ø§Ø± Ø§Ù…Ø±ÙŠÙƒÙŠ Ø§Ù„ØªØ³Ø¬ÙŠÙ„ Ù…ÙØªÙˆØ­ Ù„Ù…Ø¯Ù‡ Ø§Ø³Ø¨ÙˆØ¹ÙŠÙ†', 'download (1).png', 'Ø§Ù„Ø³Ù„ÙŠÙ…Ø§Ù†ÙŠØ©', 'Ø´Ø§Ø±Ø¹ Ø§Ù„Ø§Ù…ÙŠØ±', 'Ù…Ù†Ø­Ù‡ Ø¨Ø³Ø¹Ø± Ø±Ù…Ø²ÙŠ', 'Ù…Ù†Ø­Ù‡', 'Ø§Ø­ØªØ§Ø¬ Ø§Ù„Ù‰', 'Ø§Ù†Ø«Ù‰', '2023-01-01 19:42:33', 1);

-- --------------------------------------------------------

--
-- Table structure for table `profal`
--

DROP TABLE IF EXISTS `profal`;
CREATE TABLE IF NOT EXISTS `profal` (
  `id` int(11) NOT NULL AUTO_INCREMENT,
  `colg` varchar(255) DEFAULT NULL,
  `division` varchar(255) DEFAULT NULL,
  `boi` varchar(255) DEFAULT NULL,
  `fonnamber` varchar(255) DEFAULT NULL,
  `tergram_id` varchar(255) DEFAULT NULL,
  `facebokc_rul` varchar(255) NOT NULL,
  `user_id` int(11) DEFAULT NULL,
  PRIMARY KEY (`id`),
  KEY `user_id` (`user_id`)
) ENGINE=InnoDB AUTO_INCREMENT=27 DEFAULT CHARSET=utf8;

--
-- Dumping data for table `profal`
--

INSERT INTO `profal` (`id`, `colg`, `division`, `boi`, `fonnamber`, `tergram_id`, `facebokc_rul`, `user_id`) VALUES
(1, 'Ø§Ø®ØªØ± Ø§Ù„Ø¬Ø§Ù…Ø¹Ù‡', 'Ù„Ø§ÙŠÙˆØ¬Ø¯', 'Ù„Ø§ÙŠÙˆØ¬Ø¯', 'Ù„Ø§ÙŠÙˆØ¬Ø¯', 'Ù„Ø§ÙŠÙˆØ¬Ø¯', 'Ù„Ø§ÙŠÙˆØ¬Ø¯', 4),
(2, 'Ø¬Ø§Ù…Ø¹Ø© Ø§Ù„Ø¨ØµØ±Ù‡-ÙƒÙ„ÙŠØ© Ø¹Ù„ÙˆÙ… Ø§Ù„Ø­Ø§Ø³ÙˆØ¨ Ùˆ ØªÙƒÙ†Ù„ÙˆØ¬ÙŠØ§ Ø§Ù„Ù…Ø¹Ù„ÙˆÙ…Ø§Øª', 'Ø¹Ù„ÙˆÙ… Ø­Ø§Ø³ÙˆØ¨', 'Ø®Ø¨Ø±Ù‡ Ø§ÙƒØ«Ø± Ù…Ù† Ø³Ù†ØªÙŠÙ† ÙÙŠ Ø§Ù„Ø¨Ø±Ù…Ø¬Ù‡ ', '07700388621', 'demruke', 'Ù„Ø§ÙŠÙˆØ¬Ø¯', 20),
(3, 'Ø§Ø®ØªØ± Ø§Ù„Ø¬Ø§Ù…Ø¹Ù‡', 'Ù„Ø§ÙŠÙˆØ¬Ø¯', 'Ø¬Ù…ÙŠØ¹ Ø§Ù„Ù…Ù†ØªØ¬Ø§Øª ÙÙŠ Ø§Ù„Ù…Ø¹Ø±Ø¶ Ù…ØªÙˆÙØ±Ù‡', '070045453 ', 'waz', 'Ù„Ø§ÙŠÙˆØ¬Ø¯', 9),
(4, 'Ù…Ø¹Ù‡Ø¯ ØªÙ‚Ù†ÙŠ', 'Ø§Ø¯Ø§Ø±Ø© Ø§Ø¹Ù…Ø§Ù„', 'Ù„Ø§ÙŠÙˆØ¬Ø¯', 'Ù„Ø§ÙŠÙˆØ¬Ø¯', 'Ù„Ø§ÙŠÙˆØ¬Ø¯', 'Ù„Ø§ÙŠÙˆØ¬Ø¯', 11),
(5, 'Ø¬Ø§Ù…Ø¹Ø© Ø§Ù„Ø¨ØµØ±Ù‡-ÙƒÙ„ÙŠÙ‡ Ø§Ù„Ø¹Ù„ÙˆÙ…', 'Ø¹Ù„ÙˆÙ… Ø­Ø§Ø³ÙˆØ¨', 'Ù…Ø³ØªØ¹Ø¯ Ù„Ø§ÙƒÙ…Ø§Ù„ Ø§ÙŠ Ø¯ÙŠÙƒÙˆØ± Ø¨Ø³Ø±Ø¹Ù‡ Ùˆ Ø§Ø³Ø¹Ø§Ø± Ù…Ù†Ø§Ø³Ø¨Ù‡', '078003442', 'c0_97', 'Ù„Ø§ÙŠÙˆØ¬Ø¯', 41),
(6, 'Ø§Ø®ØªØ± Ø§Ù„Ø¬Ø§Ù…Ø¹Ù‡', 'Ù„Ø§ÙŠÙˆØ¬Ø¯', 'Ù„Ø§ÙŠÙˆØ¬Ø¯', 'Ù„Ø§ÙŠÙˆØ¬Ø¯', 'Ù„Ø§ÙŠÙˆØ¬Ø¯', 'Ù„Ø§ÙŠÙˆØ¬Ø¯', 42),
(7, 'Ø¬Ø§Ù…Ø¹Ù‡ Ø§Ù„Ù…Ø³ØªÙ†ØµØ±ÙŠÙ‡', 'Ù‡Ù†Ø¯Ø³Ù‡ Ù…Ø¯Ù†ÙŠ', 'Ù„Ø§ÙŠÙˆØ¬Ø¯', 'Ù„Ø§ÙŠÙˆØ¬Ø¯', 'Ù„Ø§ÙŠÙˆØ¬Ø¯', 'Ù„Ø§ÙŠÙˆØ¬Ø¯', 12),
(8, 'Ø§Ø®ØªØ± Ø§Ù„Ø¬Ø§Ù…Ø¹Ù‡', 'Ù„Ø§ÙŠÙˆØ¬Ø¯', 'Ù…Ù†Ø¸Ù…Ù‡ Ø­ÙÙ„Ø§Øª', 'Ù„Ø§ÙŠÙˆØ¬Ø¯', 'Ù„Ø§ÙŠÙˆØ¬Ø¯', 'Ù„Ø§ÙŠÙˆØ¬Ø¯', 13),
(9, 'Ø§Ø®ØªØ± Ø§Ù„Ø¬Ø§Ù…Ø¹Ù‡', 'Ù„Ø§ÙŠÙˆØ¬Ø¯', 'Ù„Ø§ÙŠÙˆØ¬Ø¯', 'Ù„Ø§ÙŠÙˆØ¬Ø¯', 'Ù„Ø§ÙŠÙˆØ¬Ø¯', 'Ù„Ø§ÙŠÙˆØ¬Ø¯', 14),
(10, 'Ø§Ø®ØªØ± Ø§Ù„Ø¬Ø§Ù…Ø¹Ù‡', 'Ù„Ø§ÙŠÙˆØ¬Ø¯', 'ÙÙŠØªØ±Ø¬ÙŠ', 'Ù„Ø§ÙŠÙˆØ¬Ø¯', 'Ù„Ø§ÙŠÙˆØ¬Ø¯', 'Ù„Ø§ÙŠÙˆØ¬Ø¯', 16),
(11, 'Ø§Ø®ØªØ± Ø§Ù„Ø¬Ø§Ù…Ø¹Ù‡', 'Ù„Ø§ÙŠÙˆØ¬Ø¯', 'Ø­Ù„Ø§Ù‚', 'Ù„Ø§ÙŠÙˆØ¬Ø¯', 'Ù„Ø§ÙŠÙˆØ¬Ø¯', 'Ù„Ø§ÙŠÙˆØ¬Ø¯', 17),
(13, 'Ø§Ø®ØªØ± Ø§Ù„Ø¬Ø§Ù…Ø¹Ù‡', 'Ù„Ø§ÙŠÙˆØ¬Ø¯', 'Ø³Ø§Ø¦Ù‚ ØªÙƒØ³ÙŠ', 'Ù„Ø§ÙŠÙˆØ¬Ø¯', 'Ù„Ø§ÙŠÙˆØ¬Ø¯', 'Ù„Ø§ÙŠÙˆØ¬Ø¯', 19),
(14, 'Ø§Ø®ØªØ± Ø§Ù„Ø¬Ø§Ù…Ø¹Ù‡', 'Ù„Ø§ÙŠÙˆØ¬Ø¯', 'Ø®ÙŠØ§Ø·Ù‡', 'Ù„Ø§ÙŠÙˆØ¬Ø¯', 'Ù„Ø§ÙŠÙˆØ¬Ø¯', 'Ù„Ø§ÙŠÙˆØ¬Ø¯', 23),
(15, 'Ø§Ø®ØªØ± Ø§Ù„Ø¬Ø§Ù…Ø¹Ù‡', 'Ù„Ø§ÙŠÙˆØ¬Ø¯', 'Ø¹Ø§Ù…Ù„ Ø¨Ù†Ø§Ø¡', 'Ù„Ø§ÙŠÙˆØ¬Ø¯', 'Ù„Ø§ÙŠÙˆØ¬Ø¯', 'Ù„Ø§ÙŠÙˆØ¬Ø¯', 43),
(16, 'Ø§Ø®ØªØ± Ø§Ù„Ø¬Ø§Ù…Ø¹Ù‡', 'Ù„Ø§ÙŠÙˆØ¬Ø¯', 'Ø­Ø¯Ø§Ø¯', 'Ù„Ø§ÙŠÙˆØ¬Ø¯', 'Ù„Ø§ÙŠÙˆØ¬Ø¯', 'Ù„Ø§ÙŠÙˆØ¬Ø¯', 44),
(17, 'Ø§Ø®ØªØ± Ø§Ù„Ø¬Ø§Ù…Ø¹Ù‡', 'Ù„Ø§ÙŠÙˆØ¬Ø¯', 'Ø­Ø±Ù ÙŠØ¯ÙŠÙˆÙŠÙ‡', 'Ù„Ø§ÙŠÙˆØ¬Ø¯', 'Ù„Ø§ÙŠÙˆØ¬Ø¯', 'Ù„Ø§ÙŠÙˆØ¬Ø¯', 45),
(18, 'Ø§Ø®ØªØ± Ø§Ù„Ø¬Ø§Ù…Ø¹Ù‡', 'Ù„Ø§ÙŠÙˆØ¬Ø¯', 'Ù…Ø±ÙƒØ² bard Ù„ØµÙŠØ§Ù†Ù‡ ÙˆØ¨ÙŠØ¹ Ø§Ø¬Ù‡Ø²Ù‡ Ø§Ù„ØªØ¨Ø±ÙŠØ¯ Ø§Ù„Ù…Ù†Ø²Ù„ÙŠÙ‡ ÙˆØ­Ø§ØµÙ„Ù‡ Ø¹Ù„Ù‰ ÙˆÙƒØ§Ù„Ù‡ Ù…Ù† LG', '07502424', 'Ù„Ø§ÙŠÙˆØ¬Ø¯', 'Ù„Ø§ÙŠÙˆØ¬Ø¯', 46),
(19, 'Ø§Ø®ØªØ± Ø§Ù„Ø¬Ø§Ù…Ø¹Ù‡', 'Ù„Ø§ÙŠÙˆØ¬Ø¯', 'Ù…Ø±ÙƒØ² it-code Ù„Ù„Ø¨Ø±Ù…Ø¬Ù‡ Ùˆ ØµÙŠØ§Ù†Ù‡ Ùˆ Ø¨ÙŠØ¹ Ø§Ù„Ø­Ø§Ø³Ø¨Ø§Øª', '07700388621', 'px.cd', 'Ù„Ø§ÙŠÙˆØ¬Ø¯', 47),
(20, 'Ø¬Ø§Ù…Ø¹Ø§Øª Ø§Ù„Ø¹Ø±Ø§Ù‚', 'Ø¬Ù…ÙŠØ¹', 'Ù†Ø§Ø¯ÙŠ ÙƒÙˆÙƒÙ„ Ø§Ù„Ø·Ù„Ø§Ø¨ÙŠ Ù…ÙƒÙˆÙ† Ù…Ù† Ø¬Ù…ÙŠØ¹ Ø¬Ø§Ù…Ø¹Ø§Øª Ùˆ Ø§Ù‚Ø³Ø§Ù… ÙŠÙ‡Ø¯Ù Ø§Ù„Ù‰ ØªÙ†Ù…ÙŠÙ‡ Ø§Ù„Ø¨Ø´Ø±ÙŠÙ‡ Ù„Ù„Ù…Ø¬ØªÙ…Ø¹ Ø¨ÙˆØ§Ø³Ø·Ù‡ Ù…ØªØ·ÙˆØ¹ÙŠÙ†', '07700388621', 'demr', 'Ù„Ø§ÙŠÙˆØ¬Ø¯', 48),
(21, 'Ø¬Ø§Ù…Ø¹Ø© Ø§Ù„Ø¨ØµØ±Ù‡- ÙƒÙ„ÙŠÙ‡ Ø§Ù„ØªØ±Ø¬Ù…Ù‡', 'Ù‚Ø³Ù… Ø§Ù„Ø§Ù†ÙƒÙ„ÙŠØ²ÙŠ', 'Ù…Ø¹Ù‡Ø¯ zone Ù„ØªÙ‚ÙˆÙŠÙ‡ Ø§Ù„Ø§Ù†ÙƒÙ„ÙŠØ²ÙŠÙ‡ Ù„Ø¯ÙŠÙ†Ø§ ÙƒÙˆØ±Ø³Ø§Øª Ø§ÙˆÙ†Ù„Ø§ÙŠÙŠÙ†', '07811735824', 'english_12', 'Ù„Ø§ÙŠÙˆØ¬Ø¯', 49),
(22, 'Ø¬Ø§Ù…Ø¹Ù‡ Ø§Ù„Ù…Ø³ØªÙ†ØµØ±ÙŠÙ‡-ØªØ±Ø¨ÙŠÙ‡ Ø±ÙŠØ§Ø¶Ù‡', 'Ø§ØºØ°ÙŠÙ‡', 'Ø§Ø®ØµØ§Ø¦ÙŠÙ‡ ÙÙŠ Ø§Ù„ØªØºØ°ÙŠÙ‡  Ù…ØªØ®Ø±Ø¬Ù‡ Ø§Ù„Ø§ÙˆÙ„ Ù…Ù† Ø¯ÙØ¹Ù‡ 33  Ø§ÙŠ Ø§Ø³ØªÙØ³Ø§Ø±  Ø¯Ø§ÙŠØ±ÙƒØª', '07712255342', 'tabark', 'Ù„Ø§ÙŠÙˆØ¬Ø¯', 50),
(23, 'Ø¬Ø§Ù…Ø¹Ø© Ø§Ù„Ø¨ØµØ±Ù‡-ÙƒÙ„ÙŠØ© Ø§Ù„Ø·Ø¨', 'Ø·Ø¨ Ø§Ø³Ù†Ø§Ù†', 'Ø¯ÙƒØªÙˆØ± Ù…Ø³Ù„Ù… Ø§Ø®ØµØ§Ø¦ÙŠ Ø·Ø¨ Ø§Ø³Ù†Ø§Ù† Ù…Ø¹ Ø®Ø¨Ø±Ù‡ Ø§ÙƒØ«Ø± Ù…Ù† 20 Ø³Ù†Ù‡ ', '07500214333', 'dr_m', 'Ù„Ø§ÙŠÙˆØ¬Ø¯', 51),
(24, 'Ø¬Ø§Ù…Ø¹Ù‡ Ø§Ù„ØªÙ‚Ù†ÙŠÙ‡ Ø§Ù„Ø¬Ù†ÙˆØ¨ÙŠÙ‡', 'Ù†Ø¬Ø§Ø±Ù‡', 'Ù…Ù…Ø§Ø±Ø³ Ù„Ù…Ù‡Ù†Ø© Ø§Ù„Ù†Ø¬Ø§Ø±Ù‡ Ù„Ø§ÙƒØ«Ø± Ù…Ù† 18 Ø³Ù†ÙŠÙ† ', '07842665212', 'na-1jar', 'Ù„Ø§ÙŠÙˆØ¬Ø¯', 52),
(25, 'Ø¬Ø§Ù…Ø¹Ø© Ø¨ØºØ¯Ø§Ø¯- ÙƒÙ„ÙŠØ© Ø§Ù„Ù‡Ù†Ø¯Ø³Ù‡', 'Ù‡Ù†Ø¯Ø³Ø© ÙƒÙ‡Ø±Ø¨Ø§Ø¡', 'Ù…Ù‡Ù†Ø¯Ø³ ÙƒÙ‡Ø±Ø¨Ø§Ø¡ Ù…Ø¹ Ø®Ø¨Ø±Ù‡ Ø§ÙƒØ«Ø± Ù…Ù† 10 Ø³Ù†ÙŠÙ† ÙÙŠ Ø´Ø±ÙƒØ§Øª Ø§Ø¬Ù†Ø¨ÙŠÙ‡ ', '07800445751', 'kahrba', 'Ù„Ø§ÙŠÙˆØ¬Ø¯', 53),
(26, 'Ù„Ø§ ÙŠÙˆØ¬Ø¯', 'Ù„Ø§ÙŠÙˆØ¬Ø¯', 'ÙƒÙˆØ²Ù…ØªÙƒ Ø§Ø¯Ù… Ù„Ø³Ù†Ø§ Ø§Ù„ÙˆØ­ÙŠØ¯ÙŠÙ† ÙˆÙ„Ø§ÙƒÙ†Ù†Ø§ Ø§Ù„Ø§ÙØ¶Ù„ .\r\nÙ…ÙˆØ¬ÙˆØ¯ Ø®Ø¯Ù…Ø© ØªÙˆØµÙŠÙ„ Ù„Ø¬Ù…ÙŠØ¹ Ø§Ù„Ù…Ø­Ø§ÙØ¸Ø§Øª.', '0784345331', 'adm_19', 'Ù„Ø§ÙŠÙˆØ¬Ø¯', 54);

-- --------------------------------------------------------

--
-- Table structure for table `save_posts`
--

DROP TABLE IF EXISTS `save_posts`;
CREATE TABLE IF NOT EXISTS `save_posts` (
  `id` int(11) NOT NULL AUTO_INCREMENT,
  `post_id` int(11) NOT NULL,
  `user_id` int(11) NOT NULL,
  PRIMARY KEY (`id`),
  KEY `user_id` (`user_id`)
) ENGINE=InnoDB AUTO_INCREMENT=13 DEFAULT CHARSET=utf8;

--
-- Dumping data for table `save_posts`
--

INSERT INTO `save_posts` (`id`, `post_id`, `user_id`) VALUES
(1, 2, 9),
(3, 2, 11),
(4, 2, 41),
(5, 4, 41),
(7, 2, 42),
(8, 1, 16),
(9, 2, 16),
(10, 10, 48),
(11, 2, 48),
(12, 5, 20);

-- --------------------------------------------------------

--
-- Table structure for table `skills`
--

DROP TABLE IF EXISTS `skills`;
CREATE TABLE IF NOT EXISTS `skills` (
  `id` int(11) NOT NULL AUTO_INCREMENT,
  `user_id` int(11) NOT NULL,
  `skill` varchar(255) NOT NULL,
  `experience` varchar(255) NOT NULL,
  PRIMARY KEY (`id`)
) ENGINE=InnoDB AUTO_INCREMENT=27 DEFAULT CHARSET=utf8;

--
-- Dumping data for table `skills`
--

INSERT INTO `skills` (`id`, `user_id`, `skill`, `experience`) VALUES
(1, 20, 'AJAX', 'Ø¬ÙŠØ¯'),
(11, 20, 'PHP', 'Ø¬ÙŠØ¯ Ø¬Ø¯Ø§'),
(13, 20, 'JS', 'Ù‚Ù„ÙŠÙ„'),
(14, 20, 'CSS', 'Ø¬ÙŠØ¯'),
(15, 20, 'JSON', 'Ø¬ÙŠØ¯'),
(16, 20, 'JQuery', 'Ø¬ÙŠØ¯'),
(17, 20, 'Boot Strap', 'Ø¬ÙŠØ¯ Ø¬Ø¯Ø§'),
(18, 20, 'API', 'Ù‚Ù„ÙŠÙ„'),
(19, 20, 'JAVA', 'Ø¬ÙŠØ¯'),
(21, 41, 'css', 'Ù‚Ù„ÙŠÙ„'),
(22, 41, 'html', 'Ø¬ÙŠØ¯ Ø¬Ø¯Ø§'),
(23, 41, 'python', 'Ø¬ÙŠØ¯'),
(24, 41, 'ØµØ¨Øº Ø¬Ø¯Ø±Ø§Ù†', 'Ø¬ÙŠØ¯'),
(25, 41, 'ØªØ³ÙˆÙŠÙ‚', 'Ù…Ù…ØªØ§Ø²'),
(26, 20, 'MySQL', 'Ø¬ÙŠØ¯ Ø¬Ø¯Ø§');

-- --------------------------------------------------------

--
-- Table structure for table `tbl_like`
--

DROP TABLE IF EXISTS `tbl_like`;
CREATE TABLE IF NOT EXISTS `tbl_like` (
  `like_id` int(11) NOT NULL AUTO_INCREMENT,
  `user_id` int(11) DEFAULT NULL,
  `post_id` int(11) DEFAULT NULL,
  PRIMARY KEY (`like_id`),
  KEY `user_id` (`user_id`)
) ENGINE=InnoDB AUTO_INCREMENT=39 DEFAULT CHARSET=utf8;

--
-- Dumping data for table `tbl_like`
--

INSERT INTO `tbl_like` (`like_id`, `user_id`, `post_id`) VALUES
(1, 20, 1),
(2, 20, 2),
(3, 9, 2),
(4, 9, 1),
(5, 9, 3),
(6, 11, 4),
(7, 11, 2),
(8, 42, 5),
(9, 16, 6),
(10, 16, 7),
(11, 16, 2),
(12, 16, 1),
(13, 17, 2),
(14, 19, 6),
(15, 19, 5),
(16, 19, 2),
(17, 23, 2),
(18, 43, 6),
(19, 43, 5),
(20, 45, 5),
(21, 45, 6),
(22, 45, 2),
(23, 45, 1),
(24, 52, 2),
(25, 53, 2),
(26, 53, 1),
(27, 54, 2),
(28, 48, 10),
(29, 48, 2),
(30, 48, 1),
(31, 48, 18),
(32, 48, 15),
(33, 46, 16),
(34, 41, 11),
(35, 14, 2),
(36, 4, 20),
(37, 20, 5),
(38, 20, 19);

-- --------------------------------------------------------

--
-- Table structure for table `users`
--

DROP TABLE IF EXISTS `users`;
CREATE TABLE IF NOT EXISTS `users` (
  `id` int(11) NOT NULL AUTO_INCREMENT,
  `user_id` varchar(255) NOT NULL,
  `first_name` varchar(255) NOT NULL,
  `list_name` varchar(255) NOT NULL,
  `password` varchar(255) NOT NULL,
  `email` varchar(255) NOT NULL,
  `gender` varchar(255) NOT NULL,
  `avatar` varchar(255) NOT NULL,
  `grop` int(11) NOT NULL DEFAULT '0',
  `city` varchar(255) NOT NULL,
  `age` int(11) NOT NULL,
  `time_data` date NOT NULL,
  `follower_number` int(11) NOT NULL DEFAULT '0',
  PRIMARY KEY (`id`)
) ENGINE=InnoDB AUTO_INCREMENT=55 DEFAULT CHARSET=utf8;

--
-- Dumping data for table `users`
--

INSERT INTO `users` (`id`, `user_id`, `first_name`, `list_name`, `password`, `email`, `gender`, `avatar`, `grop`, `city`, `age`, `time_data`, `follower_number`) VALUES
(4, 'ali', 'ali', 'ali', '7110eda4d09e062aa5e4a390b0a572ac0d2c0220', 'ali@gmail.com', 'Ø°ÙƒØ±', '3212694_moon-silhouette-naruto-shippuden-uchiha-itachi-anime-ninja-anbu-1920x1080-anime-naruto-hd-art-wallpaper-thumb.jpg', 1, 'k', 17, '2022-11-22', 19),
(9, 'waz', 'waleed', 'ali', '40bd001563085fc35165329ea1ff5c5ecbdbbeef', 'waleed@gmail.com', 'Ø°ÙƒØ±', '5446674_download (2).jpg', 0, 'Ø§Ù„Ø¨ØµØ±Ø©', 25, '2022-11-30', 6),
(11, 'sozj', 'sozan', 'john', '40bd001563085fc35165329ea1ff5c5ecbdbbeef', 'sozan@gmail.com', 'Ø§Ù†Ø«Ù‰', '6282318_images (7).jpg', 0, 'Ø¨ØºØ¯Ø§Ø¯', 28, '2022-11-30', 8),
(12, 'zeena', 'zeena', 'akram', '40bd001563085fc35165329ea1ff5c5ecbdbbeef', 'zeena@gmail.com', 'Ø§Ù†Ø«Ù‰', '309931_images (13).jpg', 0, 'Ø¨ØºØ¯Ø§Ø¯', 30, '2022-11-30', 8),
(13, 'zainaba', 'zainab', 'abbas', '40bd001563085fc35165329ea1ff5c5ecbdbbeef', 'zainab@gmail.com', 'Ø§Ù†Ø«Ù‰', '5198645_download (6).jpg', 0, 'Ø§Ù„Ø¨ØµØ±Ø©', 29, '2022-11-30', 8),
(14, 'noors', 'noor', 'saad', '40bd001563085fc35165329ea1ff5c5ecbdbbeef', 'noor@gmail.com', 'Ø§Ù†Ø«Ù‰', '9661098_download (7).jpg', 0, 'ØµÙ„Ø§Ø­ Ø§Ù„Ø¯ÙŠÙ†', 35, '2022-11-30', 8),
(16, 'jassd', 'jassm', 'daher', '40bd001563085fc35165329ea1ff5c5ecbdbbeef', 'jassm.daher@gmail.com', 'Ø°ÙƒØ±', '1877528_images (44).jpg', 0, 'ÙƒØ±Ø¨Ù„Ø§Ø¡', 55, '2022-11-30', 8),
(17, 'hussain', 'hussain', 'ali', '40bd001563085fc35165329ea1ff5c5ecbdbbeef', 'hussain_ali@gmail.com', 'Ø°ÙƒØ±', '571325313.jpg', 0, 'Ù…ÙŠØ³Ø§Ù†', 38, '2022-11-30', 7),
(19, 'yosaf', 'yosaf', 'fadel', '40bd001563085fc35165329ea1ff5c5ecbdbbeef', 'yosaf@gmail.com', 'Ø°ÙƒØ±', '165593960.jpg', 0, 'Ø°ÙŠ Ù‚Ø§Ø±', 30, '2022-11-30', 11),
(20, 'px.cd', 'Ù…Ø­Ù…Ø¯ Ø±Ø¶Ø§', 'Ø¹Ø¨Ø¯ Ø§Ù„Ø±Ø­Ù…Ù†', '40bd001563085fc35165329ea1ff5c5ecbdbbeef', 'aamohemd11@gmail.com', 'Ø°ÙƒØ±', '231017079.jpg', 0, 'Ø¨ØµØ±Ù‡', 24, '2022-12-04', 31),
(23, 'fatmah', 'ÙØ§Ø·Ù…Ù‡', 'Ø­Ø³ÙŠÙ†', '40bd001563085fc35165329ea1ff5c5ecbdbbeef', 'liughjk@gmail.com', 'Ø§Ù†Ø«Ù‰', '1955710540.jpg', 0, 'Ø¨ØµØ±Ù‡', 34, '2022-12-04', 9),
(41, 'c0_97', 'Ø­Ø³ÙŠÙ†', 'Ø¹Ø¨Ø¯ Ø§Ù„Ø²Ù‡Ø±Ù‡', '40bd001563085fc35165329ea1ff5c5ecbdbbeef', 'husain@gmail.com', 'Ø°ÙƒØ±', '1764633_photo_2022-12-31_23-54-36.jpg', 0, 'Ø§Ù„Ø¨ØµØ±Ø©', 25, '2022-12-31', 11),
(42, 'amal', 'Ù…Ø¤Ø³Ø³Ø©', 'Ø£Ù…Ù„', '40bd001563085fc35165329ea1ff5c5ecbdbbeef', 'amal@gmail.com', 'Ø°ÙƒØ±', '5503367_photo_2023-01-01_00-14-24.jpg', 0, 'Ø¨ØºØ¯Ø§Ø¯', 33, '2023-01-01', 14),
(43, 'abohasn', 'Ø§Ø¨Ùˆ Ø¹Ù„ÙŠ ', 'Ø§Ù„Ø¹Ø¨ÙˆØ¯ÙŠ', '40bd001563085fc35165329ea1ff5c5ecbdbbeef', 'abohasn@gmail.com', 'Ø°ÙƒØ±', '3620571_fashion-worker-work-construction-man-men-labor-t-shirt-factory.jpg', 0, 'ØµÙ„Ø§Ø­ Ø§Ù„Ø¯ÙŠÙ†', 36, '2023-01-01', 1),
(44, 'saad', 'Ø³Ø¹Ø¯', 'Ø§Ù„Ø­Ø¯Ø§Ø¯', '40bd001563085fc35165329ea1ff5c5ecbdbbeef', 'saad@gmail.com', 'Ø°ÙƒØ±', '1975756_images.jpg', 0, 'Ø£Ø±Ø¨ÙŠÙ„', 33, '2023-01-01', 0),
(45, 'omama', 'Ø§Ù…Ø§Ù…Ù‡', 'Ø¹Ø¨Ø¯ Ø§Ù„Ù„Ù‡', '40bd001563085fc35165329ea1ff5c5ecbdbbeef', 'omama@gmail.com', 'Ø§Ù†Ø«Ù‰', '2010041_66.jpg', 0, 'Ø§Ù„Ø£Ù†Ø¨Ø§Ø±', 22, '2023-01-01', 1),
(46, 'bard', 'Ù…Ø±ÙƒØ² Ø¨Ø±Ø¯', 'Ù„Ù„ØªØ¨Ø±ÙŠØ¯', '40bd001563085fc35165329ea1ff5c5ecbdbbeef', 'bard@gmail.com', 'Ø°ÙƒØ±', '8488719_knk.jhj.jpg', 0, 'Ø§Ù„Ø¯ÙŠÙˆØ§Ù†ÙŠØ©', 20, '2023-01-01', 0),
(47, 'it-code', 'Ù…Ø±ÙƒØ²', 'it-code', '40bd001563085fc35165329ea1ff5c5ecbdbbeef', 'it-code@gmail.com', 'Ø°ÙƒØ±', '557447_download (31).jpg', 0, 'Ø°ÙŠ Ù‚Ø§Ø±', 22, '2023-01-01', 4),
(48, 'NadyGoogle', 'Ù†Ø§Ø¯ÙŠ ÙƒÙˆÙƒÙ„ ', 'Ø§Ù„Ø·Ù„Ø§Ø¨ÙŠ', '40bd001563085fc35165329ea1ff5c5ecbdbbeef', 'NadyGoogle@gmail.com', 'Ø°ÙƒØ±', '5761547_download.png', 0, 'Ø¯ÙŠØ§Ù„Ù‰', 22, '2023-01-01', 3),
(49, 'english', 'Ù…Ø¹Ù‡Ø¯', 'zone', '40bd001563085fc35165329ea1ff5c5ecbdbbeef', 'English@gmail.com', 'Ø°ÙƒØ±', '8844004_download (1).png', 0, 'Ø§Ù„Ø³Ù„ÙŠÙ…Ø§Ù†ÙŠØ©', 33, '2023-01-01', 1),
(50, 'tabark', 'ØªØ¨Ø§Ø±Ùƒ', 'Ø¹Ù„ÙŠ', '40bd001563085fc35165329ea1ff5c5ecbdbbeef', 'tabark@gmail.com', 'Ø§Ù†Ø«Ù‰', '371819_download (32).jpg', 0, 'Ø§Ù„Ù…Ø«Ù†Ù‰', 22, '2023-01-01', 1),
(51, 'drmoslem', 'Ø¯ÙƒØªÙˆØ± Ù…Ø³Ù„Ù…', 'Ø§Ù„Ø¹Ø±Ø§Ù‚ÙŠ', '40bd001563085fc35165329ea1ff5c5ecbdbbeef', 'drmoslem@gmail.com', 'Ø°ÙƒØ±', '2385493_download (33).jpg', 0, 'Ø§Ù„Ø¨ØµØ±Ø©', 55, '2023-01-01', 1),
(52, 'najar', 'Ù…Ù‡Ø¯ÙŠ', 'Ø§Ù„Ù†Ø¬Ø§Ø±', '40bd001563085fc35165329ea1ff5c5ecbdbbeef', 'najar@gmail.com', 'Ø°ÙƒØ±', '7193820_download (34).jpg', 0, 'Ø¨ØºØ¯Ø§Ø¯', 32, '2023-01-01', 0),
(53, 'kahrba', 'ÙƒØ±Ø§Ø±', 'Ø§Ù„ÙƒÙ‡Ø±Ø¨Ø§Ø¦ÙŠ', '40bd001563085fc35165329ea1ff5c5ecbdbbeef', 'kahrba@gmail.com', 'Ø°ÙƒØ±', '1518054_ÙƒÙ‡Ø±Ø¨Ø§Ø¦ÙŠ.jpg', 0, 'Ø¨Ø§Ø¨Ù„', 33, '2023-01-01', 0),
(54, 'adm', 'ÙƒÙˆØ²Ù…ØªÙƒ ', 'Ø§Ø¯Ù…', '40bd001563085fc35165329ea1ff5c5ecbdbbeef', 'adm@gmail.com', 'Ø§Ù†Ø«Ù‰', '170925_images (53).jpg', 0, 'Ø§Ù„Ø¨ØµØ±Ø©', 22, '2023-01-02', 0);

--
-- Constraints for dumped tables
--

--
-- Constraints for table `comment`
--
ALTER TABLE `comment`
  ADD CONSTRAINT `comment_ibfk_1` FOREIGN KEY (`user_id`) REFERENCES `users` (`id`) ON DELETE CASCADE ON UPDATE CASCADE;

--
-- Constraints for table `follow`
--
ALTER TABLE `follow`
  ADD CONSTRAINT `follow_ibfk_1` FOREIGN KEY (`receiver_id`) REFERENCES `users` (`id`) ON DELETE CASCADE ON UPDATE CASCADE;

--
-- Constraints for table `post`
--
ALTER TABLE `post`
  ADD CONSTRAINT `post_ibfk_1` FOREIGN KEY (`user_id`) REFERENCES `users` (`id`) ON DELETE CASCADE ON UPDATE CASCADE;

--
-- Constraints for table `profal`
--
ALTER TABLE `profal`
  ADD CONSTRAINT `profal_ibfk_1` FOREIGN KEY (`user_id`) REFERENCES `users` (`id`) ON DELETE CASCADE ON UPDATE CASCADE;

--
-- Constraints for table `save_posts`
--
ALTER TABLE `save_posts`
  ADD CONSTRAINT `save_posts_ibfk_1` FOREIGN KEY (`user_id`) REFERENCES `users` (`id`) ON DELETE CASCADE ON UPDATE CASCADE;

--
-- Constraints for table `tbl_like`
--
ALTER TABLE `tbl_like`
  ADD CONSTRAINT `tbl_like_ibfk_1` FOREIGN KEY (`user_id`) REFERENCES `users` (`id`) ON DELETE CASCADE ON UPDATE CASCADE;
COMMIT;

/*!40101 SET CHARACTER_SET_CLIENT=@OLD_CHARACTER_SET_CLIENT */;
/*!40101 SET CHARACTER_SET_RESULTS=@OLD_CHARACTER_SET_RESULTS */;
/*!40101 SET COLLATION_CONNECTION=@OLD_COLLATION_CONNECTION */;
